Date,Close
12/1/2003,9.1256
12/2/2003,9.1141
12/3/2003,9.0376
12/4/2003,9.0166
12/5/2003,8.983
12/8/2003,8.98
12/9/2003,8.9511
12/10/2003,8.9587
12/11/2003,8.98
12/12/2003,8.97
12/15/2003,8.9
12/16/2003,8.8975
12/17/2003,8.85
12/18/2003,8.83
12/19/2003,8.7334
12/22/2003,8.84
12/23/2003,8.84
12/24/2003,8.81
12/25/2003,8.81
12/29/2003,8.81
12/30/2003,8.76
12/31/2003,8.74
1/1/2004,8.74
1/2/2004,8.5795
1/5/2004,8.7201
1/6/2004,8.6382
1/7/2004,8.7011
1/8/2004,8.6441
1/9/2004,8.4654
1/12/2004,8.5951
1/13/2004,8.6481
1/14/2004,8.6699
1/15/2004,8.6699
1/16/2004,8.83
1/19/2004,8.85
1/20/2004,8.6024
1/21/2004,8.7
1/22/2004,8.7
1/23/2004,8.7021
1/26/2004,8.7605
1/27/2004,8.7471
1/28/2004,8.78
1/29/2004,8.82
1/30/2004,8.6918
2/2/2004,8.81
2/3/2004,8.7514
2/4/2004,8.7711
2/5/2004,8.752
2/6/2004,8.5404
2/9/2004,8.6804
2/10/2004,8.665
2/11/2004,8.62
2/12/2004,8.6229
2/13/2004,8.5001
2/16/2004,8.6721
2/17/2004,8.6721
2/18/2004,8.5737
2/19/2004,8.6924
2/20/2004,8.5929
2/23/2004,8.7392
2/24/2004,8.6781
2/25/2004,8.6227
2/26/2004,8.7941
2/27/2004,8.8211
3/1/2004,8.7781
3/2/2004,8.95
3/3/2004,8.9611
3/4/2004,8.9751
3/5/2004,8.7067
3/8/2004,8.87
3/9/2004,8.81
3/10/2004,8.935
3/11/2004,8.966
3/12/2004,8.9361
3/15/2004,8.926
3/16/2004,8.88
3/17/2004,8.93
3/18/2004,8.851
3/19/2004,8.737001
3/22/2004,8.858
3/23/2004,8.911
3/24/2004,9.004
3/25/2004,9.017
3/26/2004,8.979
3/29/2004,8.993
3/30/2004,8.993
3/31/2004,8.914
4/1/2004,8.8806
4/2/2004,8.9881
4/5/2004,8.9153
4/6/2004,9.039
4/7/2004,8.971
4/8/2004,9.021
4/9/2004,9.021
4/13/2004,9.127
4/14/2004,9.129
4/15/2004,9.12
4/16/2004,9.05
4/19/2004,9.047
4/20/2004,9.1241
4/21/2004,9.1972
4/22/2004,9.16
4/23/2004,9.1488
4/26/2004,9.213
4/27/2004,9.18
4/28/2004,9.14
4/29/2004,9.211
4/30/2004,8.9299
5/3/2004,9.115
5/4/2004,9.12
5/5/2004,9.02
5/6/2004,8.993
5/7/2004,9.148
5/10/2004,9.19
5/11/2004,9.167
5/12/2004,9.164
5/13/2004,9.19
5/14/2004,9.1645
5/17/2004,9.115
5/18/2004,9.11
5/19/2004,9.073
5/20/2004,9.141
5/21/2004,9.055
5/24/2004,9.129
5/25/2004,9.066
5/26/2004,8.8584
5/27/2004,8.93
5/28/2004,8.8109
5/31/2004,8.95
6/1/2004,8.941
6/2/2004,8.9405
6/3/2004,8.9808
6/4/2004,8.9372
6/7/2004,8.902
6/8/2004,8.927
6/9/2004,8.996
6/10/2004,9.063
6/11/2004,9.088
6/14/2004,9.064
6/15/2004,9.015
6/16/2004,9.058
6/17/2004,9.085
6/18/2004,8.9959
6/21/2004,9.017
6/22/2004,9.017
6/23/2004,8.975
6/24/2004,8.998
6/25/2004,8.992
6/28/2004,9.005
6/29/2004,9.008
6/30/2004,8.979
7/1/2004,8.978
7/2/2004,8.8899
7/5/2004,8.897
7/6/2004,8.906
7/7/2004,8.873
7/8/2004,8.874
7/9/2004,8.86
7/12/2004,8.848
7/13/2004,8.874
7/14/2004,8.894
7/15/2004,8.871
7/16/2004,8.6532
7/19/2004,8.842
7/20/2004,8.864
7/21/2004,8.915
7/22/2004,8.93
7/23/2004,8.9915
7/26/2004,9.019
7/27/2004,9.053
7/28/2004,9.054
7/29/2004,9.055
7/30/2004,9.0579
8/2/2004,9.052
8/3/2004,9.052
8/4/2004,9.083
8/5/2004,9.06
8/6/2004,8.939
8/9/2004,8.93
8/10/2004,8.924
8/11/2004,8.966
8/12/2004,8.95
8/13/2004,8.88
8/16/2004,8.889
8/17/2004,8.886
8/18/2004,8.89
8/19/2004,8.891
8/20/2004,8.891
8/23/2004,8.917
8/24/2004,9.001
8/25/2004,9.05
8/26/2004,9.049
8/27/2004,9.049
8/30/2004,9.049
8/31/2004,9.049
9/1/2004,8.99
9/2/2004,8.989
9/3/2004,9.0275
9/6/2004,9.059
9/7/2004,9.046
9/8/2004,9.054
9/9/2004,8.983
9/10/2004,8.917
9/13/2004,8.941
9/14/2004,8.93
9/15/2004,8.947
9/16/2004,8.993
9/17/2004,8.993
9/20/2004,9.008
9/21/2004,8.952
9/22/2004,8.952
9/23/2004,8.937
9/24/2004,8.937
9/27/2004,8.91
9/28/2004,8.922
9/29/2004,8.896
9/30/2004,8.833
10/1/2004,8.851
10/4/2004,8.934
10/5/2004,8.929
10/6/2004,8.932
10/7/2004,8.912
10/8/2004,8.823
10/11/2004,8.848
10/12/2004,8.888
10/13/2004,8.914
10/14/2004,8.864
10/15/2004,8.855
10/18/2004,8.808
10/19/2004,8.815
10/20/2004,8.753
10/21/2004,8.717
10/22/2004,8.726
10/25/2004,8.63
10/26/2004,8.63
10/27/2004,8.63
10/29/2004,8.661
11/1/2004,8.6615
11/2/2004,8.6855
11/3/2004,8.6276
11/4/2004,8.6199
11/5/2004,8.5596
11/8/2004,8.5596
11/9/2004,8.5505
11/10/2004,8.5505
11/11/2004,8.5824
11/12/2004,8.5706
11/15/2004,8.5263
11/16/2004,8.5529
11/17/2004,8.4987
11/18/2004,8.4872
11/19/2004,8.5434
11/22/2004,8.5006
11/23/2004,8.48
11/24/2004,8.4467
11/25/2004,8.39
11/26/2004,8.3646
11/29/2004,8.3841
11/30/2004,8.353599
12/1/2004,8.3547
12/2/2004,8.3677
12/3/2004,8.2963
12/6/2004,8.2856
12/7/2004,8.2887
12/8/2004,8.3734
12/9/2004,8.3469
12/10/2004,8.397
12/13/2004,8.3372
12/14/2004,8.3461
12/15/2004,8.2855
12/16/2004,8.2951
12/17/2004,8.35
12/20/2004,8.31
12/21/2004,8.2941
12/22/2004,8.3099
12/23/2004,8.2626
12/24/2004,8.2331
12/27/2004,8.2
12/28/2004,8.179401
12/29/2004,8.1856
12/30/2004,8.1996
12/31/2004,8.1736
1/3/2005,8.2301
1/4/2005,8.2831
1/5/2005,8.3581
1/6/2005,8.4121
1/7/2005,8.5125
1/10/2005,8.5025
1/11/2005,8.465
1/12/2005,8.39
1/13/2005,8.3947
1/14/2005,8.4675
1/17/2005,8.4608
1/18/2005,8.487701
1/19/2005,8.4442
1/20/2005,8.5158
1/21/2005,8.49
1/24/2005,8.4656
1/25/2005,8.5153
1/26/2005,8.4677
1/27/2005,8.4859
1/28/2005,8.495
1/31/2005,8.4805
2/1/2005,8.505
2/2/2005,8.4583
2/3/2005,8.4583
2/4/2005,8.58
2/7/2005,8.6149
2/8/2005,8.6167
2/9/2005,8.5988
2/10/2005,8.5506
2/11/2005,8.5675
2/14/2005,8.5675
2/15/2005,8.5099
2/16/2005,8.5032
2/17/2005,8.4506
2/18/2005,8.505
2/21/2005,8.4634
2/22/2005,8.3982
2/23/2005,8.3911
2/24/2005,8.3842
2/25/2005,8.2387
2/28/2005,8.3666
3/1/2005,8.4083
3/2/2005,8.4162
3/3/2005,8.4384
3/4/2005,8.153401
3/7/2005,8.3776
3/8/2005,8.345101
3/9/2005,8.3141
3/10/2005,8.2931
3/11/2005,8.1262
3/14/2005,8.2917
3/15/2005,8.2917
3/16/2005,8.34
3/17/2005,8.33
3/18/2005,8.3671
3/21/2005,8.444
3/22/2005,8.42
3/23/2005,8.5348
3/24/2005,8.5631
3/25/2005,8.5533
3/28/2005,8.584
3/29/2005,8.55
3/30/2005,8.55
3/31/2005,8.55
4/1/2005,8.579
4/4/2005,8.565
4/5/2005,8.5824
4/6/2005,8.5837
4/7/2005,8.5761
4/8/2005,8.5665
4/11/2005,8.5161
4/12/2005,8.5726
4/13/2005,8.5362
4/14/2005,8.593
4/15/2005,8.5679
4/18/2005,8.5031
4/19/2005,8.5031
4/20/2005,8.4527
4/21/2005,8.4722
4/22/2005,8.4901
4/25/2005,8.5136
4/26/2005,8.5098
4/27/2005,8.5271
4/28/2005,8.5561
4/29/2005,8.612001
5/2/2005,8.5961
5/3/2005,8.6021
5/4/2005,8.5306
5/5/2005,8.5441
5/6/2005,8.6452
5/9/2005,8.6093
5/10/2005,8.6027
5/11/2005,8.6027
5/12/2005,8.7027
5/13/2005,8.7593
5/16/2005,8.7396
5/17/2005,8.723
5/18/2005,8.7179
5/19/2005,8.6986
5/20/2005,8.7791
5/23/2005,8.741
5/24/2005,8.7436
5/25/2005,8.7491
5/26/2005,8.7836
5/27/2005,8.7921
5/30/2005,8.7929
5/31/2005,8.8695
6/1/2005,8.95
6/2/2005,8.9681
6/3/2005,8.9848
6/6/2005,8.9604
6/7/2005,8.9311
6/8/2005,8.9661
6/9/2005,8.9808
6/10/2005,9.0486
6/13/2005,9.0451
6/14/2005,9.1049
6/15/2005,9.0351
6/16/2005,9.0457
6/17/2005,8.9494
6/20/2005,9.0304
6/21/2005,9.0605
6/22/2005,9.0241
6/23/2005,9.0801
6/24/2005,9.0674
6/27/2005,9.0041
6/28/2005,9.0066
6/29/2005,9.0676
6/30/2005,9.0581
7/1/2005,9.1551
7/4/2005,9.1682
7/5/2005,9.1316
7/6/2005,9.14
7/7/2005,9.12
7/8/2005,9.1355
7/11/2005,9.0311
7/12/2005,8.9832
7/13/2005,9.0766
7/14/2005,9.0689
7/15/2005,9.0973
7/18/2005,9.0809
7/19/2005,9.0946
7/20/2005,9.0491
7/21/2005,8.9931
7/22/2005,9.0725
7/25/2005,9.0789
7/26/2005,9.1
7/27/2005,9.0603
7/28/2005,9.0231
7/29/2005,9.033
8/1/2005,8.7963
8/2/2005,8.7865
8/3/2005,8.9925
8/4/2005,8.8631
8/5/2005,8.91
8/8/2005,8.856
8/9/2005,8.8501
8/10/2005,8.7183
8/11/2005,8.6779
8/12/2005,8.865
8/15/2005,8.8539
8/16/2005,8.925
8/17/2005,8.7269
8/18/2005,8.8286
8/19/2005,9.003
8/22/2005,8.9841
8/23/2005,8.9577
8/24/2005,8.923101
8/25/2005,8.9111
8/26/2005,8.732
8/29/2005,8.7291
8/30/2005,8.7836
8/31/2005,8.791099
9/1/2005,8.8171
9/2/2005,8.777
9/5/2005,8.6292
9/6/2005,8.7931
9/7/2005,8.8079
9/8/2005,8.8455
9/9/2005,8.8233
9/12/2005,8.8352
9/13/2005,8.8352
9/14/2005,8.8352
9/15/2005,8.9674
9/16/2005,8.7963
9/19/2005,8.8174
9/20/2005,8.8205
9/22/2005,8.9691
9/23/2005,9.0526
9/26/2005,8.894
9/27/2005,8.9283
9/28/2005,9.0845
9/29/2005,8.925201
9/30/2005,8.8674
10/3/2005,9.165
10/4/2005,8.9549
10/5/2005,8.95
10/6/2005,9.0581
10/7/2005,8.869
10/10/2005,9.0228
10/11/2005,9.0857
10/12/2005,9.0514
10/13/2005,9.135
10/14/2005,8.8615
10/17/2005,9.0352
10/18/2005,9.1323
10/19/2005,8.9083
10/20/2005,9.1109
10/21/2005,9.1239
10/24/2005,8.7668
10/25/2005,8.8796
10/26/2005,9.0789
10/27/2005,9.0378
10/28/2005,9.0414
10/31/2005,9.0951
11/1/2005,9.1019
11/2/2005,9.0846
11/3/2005,8.919
11/4/2005,9.0129
11/7/2005,9.2144
11/8/2005,9.2348
11/9/2005,9.2546
11/10/2005,9.2602
11/11/2005,9.0913
11/14/2005,9.3228
11/15/2005,9.3075
11/16/2005,9.0925
11/17/2005,9.2552
11/18/2005,9.0892
11/21/2005,9.2382
11/22/2005,9.2546
11/23/2005,9.2265
11/24/2005,9.0648
11/25/2005,9.1009
11/28/2005,9.2201
11/29/2005,9.082501
11/30/2005,9.0685
12/1/2005,9.2763
12/2/2005,9.2745
12/5/2005,9.0639
12/6/2005,9.2078
12/7/2005,9.2344
12/8/2005,9.015
12/9/2005,9.0444
12/12/2005,9.115
12/13/2005,9.1378
12/14/2005,9.0843
12/15/2005,9.1184
12/16/2005,9.0879
12/19/2005,9.0842
12/20/2005,9.1619
12/21/2005,9.0171
12/22/2005,9.1853
12/23/2005,9.0105
12/26/2005,9.139
12/27/2005,9.0246
12/28/2005,9.1285
12/29/2005,8.974
12/30/2005,9.0145
1/2/2006,9.1681
1/3/2006,9.0942
1/4/2006,9.0538
1/5/2006,8.853599
1/6/2006,8.8184
1/9/2006,8.8693
1/10/2006,8.9021
1/11/2006,8.8641
1/12/2006,8.922401
1/13/2006,8.8572
1/16/2006,8.8139
1/17/2006,9.0286
1/18/2006,8.851
1/19/2006,8.8161
1/20/2006,8.8199
1/23/2006,8.8871
1/24/2006,8.8723
1/25/2006,8.9067
1/26/2006,8.9251
1/27/2006,8.7613
1/30/2006,9.01
1/31/2006,8.9485
2/1/2006,8.9829
2/2/2006,8.9982
2/3/2006,9.0533
2/6/2006,9.0645
2/7/2006,9.0838
2/8/2006,9.0958
2/9/2006,9.0916
2/10/2006,9.112001
2/13/2006,9.1109
2/14/2006,9.1324
2/15/2006,9.1277
2/16/2006,9.1622
2/17/2006,9.1257
2/20/2006,9.0737
2/21/2006,9.1312
2/22/2006,9.1238
2/23/2006,9.1226
2/24/2006,9.1415
2/27/2006,9.1543
2/28/2006,9.1361
3/1/2006,9.1103
3/2/2006,9.0894
3/3/2006,9.0699
3/6/2006,9.08
3/7/2006,9.1455
3/8/2006,8.8209
3/9/2006,9.1363
3/10/2006,9.1462
3/13/2006,9.1332
3/14/2006,9.042
3/15/2006,9.036
3/16/2006,8.9784
3/17/2006,8.957501
3/20/2006,8.9782
3/21/2006,9.0375
3/22/2006,9.0675
3/23/2006,9.12
3/24/2006,9.0619
3/27/2006,9.0586
3/28/2006,8.9203
3/29/2006,9.081
3/30/2006,9.017
3/31/2006,9.0052
4/3/2006,9.0131
4/4/2006,8.9173
4/5/2006,8.92
4/6/2006,8.952
4/7/2006,9.0257
4/10/2006,9.015
4/11/2006,9.023
4/12/2006,9.0203
4/13/2006,9.0236
4/14/2006,8.6939
4/17/2006,8.934
4/18/2006,8.937
4/19/2006,8.8726
4/20/2006,8.892
4/21/2006,8.907
4/24/2006,8.8975
4/25/2006,8.85
4/26/2006,8.8021
4/27/2006,8.7604
4/28/2006,8.7187
5/1/2006,8.745
5/2/2006,8.687
5/3/2006,8.716
5/4/2006,8.357
5/5/2006,8.5023
5/8/2006,8.625
5/9/2006,8.4876
5/10/2006,8.4593
5/11/2006,8.28
5/12/2006,8.2429
5/15/2006,8.292499
5/16/2006,8.2626
5/17/2006,8.3698
5/18/2006,8.275601
5/19/2006,8.3305
5/22/2006,8.2773
5/23/2006,8.3302
5/24/2006,8.3334
5/25/2006,8.2941
5/26/2006,8.362701
5/29/2006,8.3481
5/30/2006,8.2567
5/31/2006,8.3175
6/1/2006,8.305
6/2/2006,8.2414
6/5/2006,8.2526
6/6/2006,8.3331
6/7/2006,8.342301
6/8/2006,8.4323
6/9/2006,8.4275
6/12/2006,8.4583
6/13/2006,8.4812
6/14/2006,8.419
6/15/2006,8.407
6/16/2006,8.399
6/19/2006,8.441
6/20/2006,8.4327
6/21/2006,8.382
6/22/2006,8.4415
6/23/2006,8.4711
6/26/2006,8.4319
6/27/2006,8.4306
6/28/2006,8.4524
6/29/2006,8.365
6/30/2006,8.3141
7/3/2006,8.3191
7/4/2006,8.33
7/5/2006,8.3602
7/6/2006,8.3256
7/7/2006,8.3001
7/10/2006,8.3469
7/11/2006,8.329701
7/12/2006,8.3701
7/13/2006,8.3749
7/14/2006,8.3995
7/17/2006,8.464
7/18/2006,8.803
7/19/2006,8.796
7/20/2006,8.732
7/21/2006,8.6763
7/24/2006,8.6948
7/25/2006,8.4466
7/26/2006,8.7078
7/27/2006,8.3835
7/28/2006,8.5306
7/31/2006,8.6268
8/1/2006,8.6286
8/2/2006,8.6208
8/3/2006,8.6245
8/4/2006,8.5676
8/7/2006,8.585
8/8/2006,8.605
8/9/2006,8.5486
8/10/2006,8.629
8/11/2006,8.6168
8/14/2006,8.6492
8/15/2006,8.663
8/16/2006,8.635
8/17/2006,8.5642
8/18/2006,8.645001
8/21/2006,8.5435
8/22/2006,8.637
8/23/2006,8.6086
8/24/2006,8.6313
8/25/2006,8.655
8/28/2006,8.6525
8/29/2006,8.635
8/30/2006,8.63
8/31/2006,8.6375
9/1/2006,8.5955
9/4/2006,8.5636
9/5/2006,8.6024
9/6/2006,8.6052
9/7/2006,8.6381
9/8/2006,8.73
9/11/2006,8.6337
9/12/2006,8.3737
9/13/2006,8.3675
9/14/2006,8.3564
9/15/2006,8.401
9/18/2006,8.4047
9/19/2006,8.6481
9/20/2006,8.6615
9/21/2006,8.640099
9/22/2006,8.6069
9/25/2006,8.3478
9/26/2006,8.3765
9/27/2006,8.3719
9/28/2006,8.6501
9/29/2006,8.6629
10/2/2006,8.6391
10/3/2006,8.342
10/4/2006,8.65
10/5/2006,8.6504
10/6/2006,8.666
10/9/2006,8.4371
10/10/2006,8.7166
10/11/2006,8.7404
10/12/2006,8.762
10/13/2006,8.4529
10/16/2006,8.7515
10/17/2006,8.7367
10/18/2006,8.7399
10/19/2006,8.4542
10/20/2006,8.6991
10/23/2006,8.4489
10/24/2006,8.4513
10/25/2006,8.723
10/26/2006,8.678
10/27/2006,8.6354
10/30/2006,8.360601
10/31/2006,8.6168
11/1/2006,8.6116
11/2/2006,8.6191
11/3/2006,8.3629
11/6/2006,8.3604
11/7/2006,8.3486
11/8/2006,8.6077
11/9/2006,8.5819
11/10/2006,8.305801
11/13/2006,8.3184
11/14/2006,8.5669
11/15/2006,8.5885
11/16/2006,8.3251
11/17/2006,8.3303
11/20/2006,8.31
11/21/2006,8.5896
11/22/2006,8.585
11/23/2006,8.2938
11/24/2006,8.4443
11/27/2006,8.1495
11/28/2006,8.4055
11/29/2006,8.1437
11/30/2006,8.1458
12/1/2006,8.087401
12/4/2006,8.0339
12/5/2006,8.3092
12/6/2006,8.0705
12/7/2006,8.0694
12/8/2006,8.1309
12/11/2006,8.3619
12/12/2006,8.3619
12/13/2006,8.111
12/14/2006,8.3705
12/15/2006,8.378
12/18/2006,8.4391
12/19/2006,8.4006
12/20/2006,8.1297
12/21/2006,8.390099
12/22/2006,8.1697
12/25/2006,8.1653
12/26/2006,8.1784
12/27/2006,8.436
12/28/2006,8.3935
12/29/2006,8.3896
1/1/2007,8.4149
1/2/2007,8.344
1/3/2007,8.3949
1/4/2007,8.1669
1/5/2007,8.2351
1/8/2007,8.48
1/9/2007,8.225
1/10/2007,8.4979
1/11/2007,8.2792
1/12/2007,8.285
1/15/2007,8.5195
1/16/2007,8.543
1/17/2007,8.5141
1/18/2007,8.5246
1/19/2007,8.5106
1/22/2007,8.2265
1/23/2007,8.4944
1/24/2007,8.5252
1/25/2007,8.5188
1/26/2007,8.55
1/29/2007,8.5304
1/30/2007,8.5327
1/31/2007,8.5066
2/1/2007,8.4944
2/2/2007,8.4762
2/5/2007,8.5456
2/6/2007,8.5097
2/7/2007,8.4895
2/8/2007,8.1993
2/9/2007,8.2137
2/12/2007,8.5219
2/13/2007,8.4939
2/14/2007,8.445
2/15/2007,8.4108
2/16/2007,8.4353
2/19/2007,8.4142
2/20/2007,8.151301
2/21/2007,8.4409
2/22/2007,8.4294
2/23/2007,8.4222
2/26/2007,8.4237
2/27/2007,8.3701
2/28/2007,8.3871
3/1/2007,8.374
3/2/2007,8.4026
3/5/2007,8.4482
3/6/2007,8.4282
3/7/2007,8.421
3/8/2007,8.4285
3/9/2007,8.4363
3/12/2007,8.4029
3/13/2007,8.375
3/14/2007,8.3743
3/15/2007,8.3783
3/16/2007,8.3352
3/19/2007,8.3396
3/20/2007,8.3404
3/21/2007,8.353
3/22/2007,8.2996
3/23/2007,8.32
3/26/2007,8.3235
3/27/2007,8.3137
3/28/2007,8.055101
3/29/2007,8.0636
3/30/2007,8.0528
4/2/2007,8.3047
4/3/2007,8.0525
4/4/2007,8.0498
4/5/2007,8.0232
4/6/2007,8.0075
4/9/2007,8.326899
4/10/2007,8.2705
4/11/2007,8
4/12/2007,7.9921
4/13/2007,7.9528
4/16/2007,7.95
4/17/2007,8.1916
4/18/2007,7.9173
4/19/2007,7.9111
4/20/2007,7.9229
4/23/2007,8.2202
4/24/2007,8.1707
4/25/2007,8.1608
4/26/2007,7.927
4/27/2007,8.1509
4/30/2007,8.1524
5/1/2007,7.9222
5/2/2007,8.1841
5/3/2007,7.9469
5/4/2007,7.9477
5/7/2007,8.191301
5/8/2007,7.943
5/9/2007,7.9496
5/10/2007,7.9791
5/11/2007,7.9832
5/14/2007,8.2135
5/15/2007,7.9436
5/16/2007,8.2245
5/17/2007,7.9775
5/18/2007,8.2575
5/21/2007,8.2703
5/22/2007,8.259
5/23/2007,8.0189
5/24/2007,8.1821
5/25/2007,8.187
5/28/2007,8.291799
5/29/2007,8.2262
5/30/2007,8.1833
5/31/2007,8.2575
6/1/2007,8.1656
6/4/2007,8.2362
6/5/2007,8.1404
6/6/2007,8.1533
6/7/2007,8.1904
6/8/2007,8.273501
6/11/2007,8.215201
6/12/2007,8.246
6/13/2007,8.2549
6/14/2007,8.2549
6/15/2007,8.2342
6/18/2007,8.182
6/19/2007,8.1716
6/20/2007,8.2706
6/21/2007,8.1981
6/22/2007,8.2529
6/25/2007,8.257
6/26/2007,8.1578
6/27/2007,8.1651
6/28/2007,8.1687
6/29/2007,8.1729
7/2/2007,8.1824
7/3/2007,8.1754
7/4/2007,8.172401
7/5/2007,8.0977
7/6/2007,8.1669
7/9/2007,8.1729
7/10/2007,8.0802
7/11/2007,8.0205
7/12/2007,8.0191
7/13/2007,8.0046
7/16/2007,8.0878
7/17/2007,8.0093
7/18/2007,8.0198
7/19/2007,8.0219
7/20/2007,8.0101
7/23/2007,8.0731
7/24/2007,7.979
7/25/2007,8.0375
7/26/2007,8.0419
7/27/2007,8.0777
7/30/2007,8.1426
7/31/2007,8.0633
8/1/2007,8.0722
8/2/2007,8.061
8/3/2007,8.0353
8/6/2007,8.0689
8/7/2007,8.0266
8/8/2007,8.017901
8/9/2007,8.0645
8/10/2007,8.0751
8/13/2007,8.1378
8/14/2007,8.1247
8/15/2007,8.1895
8/16/2007,8.1966
8/17/2007,8.1484
8/20/2007,8.2355
8/21/2007,8.267901
8/22/2007,8.223
8/23/2007,8.1129
8/24/2007,8.1672
8/27/2007,8.1501
8/28/2007,8.187
8/29/2007,8.207
8/30/2007,8.1496
8/31/2007,8.0925
9/3/2007,8.1592
9/4/2007,8.199
9/5/2007,8.1521
9/6/2007,8.0636
9/7/2007,8.0449
9/11/2007,8.0701
9/12/2007,7.952
9/13/2007,7.9759
9/14/2007,7.9719
9/17/2007,8.0454
9/18/2007,7.9736
9/19/2007,7.9254
9/20/2007,7.9453
9/21/2007,7.944
9/24/2007,7.9331
9/25/2007,7.8735
9/26/2007,7.8428
9/27/2007,7.8453
9/28/2007,7.831
10/1/2007,7.8683
10/2/2007,7.8265
10/3/2007,7.8581
10/4/2007,7.9303
10/5/2007,7.8512
10/8/2007,7.9258
10/9/2007,7.8837
10/10/2007,7.8451
10/11/2007,7.8799
10/12/2007,7.8244
10/15/2007,7.8789
10/16/2007,7.8171
10/17/2007,7.819
10/18/2007,7.848
10/19/2007,7.8506
10/22/2007,7.8443
10/23/2007,7.8136
10/24/2007,7.8762
10/25/2007,7.8371
10/26/2007,7.7572
10/29/2007,7.7901
10/30/2007,7.7875
10/31/2007,7.702
11/1/2007,7.7724
11/2/2007,7.7639
11/5/2007,7.7644
11/6/2007,7.6841
11/7/2007,7.6567
11/8/2007,7.6842
11/9/2007,7.6957
11/12/2007,7.6913
11/13/2007,7.7185
11/14/2007,7.6905
11/15/2007,7.6781
11/16/2007,7.6998
11/19/2007,7.6973
11/20/2007,7.6251
11/21/2007,7.6183
11/22/2007,7.6098
11/23/2007,7.6358
11/27/2007,7.5368
11/28/2007,7.5358
11/29/2007,7.5598
11/30/2007,7.678
12/3/2007,7.6953
12/4/2007,7.6543
12/5/2007,7.6801
12/6/2007,7.6994
12/7/2007,7.7332
12/10/2007,7.667
12/11/2007,7.6055
12/12/2007,7.6016
12/13/2007,7.6274
12/14/2007,7.7119
12/17/2007,7.7141
12/18/2007,7.7178
12/19/2007,7.7369
12/20/2007,7.7535
12/21/2007,7.7405
12/24/2007,7.8388
12/25/2007,7.7146
12/27/2007,7.6996
12/28/2007,7.6298
12/31/2007,7.6515
1/1/2008,7.6515
1/2/2008,7.651
1/3/2008,7.6596
1/4/2008,7.5782
1/7/2008,7.6294
1/8/2008,7.6069
1/9/2008,7.6176
1/10/2008,7.6095
1/11/2008,7.5527
1/14/2008,7.5572
1/15/2008,7.5636
1/16/2008,7.62
1/17/2008,7.6127
1/18/2008,7.7475
1/21/2008,7.7078
1/22/2008,7.7127
1/23/2008,7.7304
1/24/2008,7.6187
1/25/2008,7.6059
1/28/2008,7.6049
1/29/2008,7.5711
1/30/2008,7.5127
1/31/2008,7.6117
2/1/2008,7.67
2/4/2008,7.5823
2/5/2008,7.6143
2/6/2008,7.7004
2/7/2008,7.6891
2/8/2008,7.6889
2/11/2008,7.6772
2/12/2008,7.6811
2/13/2008,7.6499
2/14/2008,7.6535
2/15/2008,7.6175
2/18/2008,7.6548
2/19/2008,7.6564
2/20/2008,7.5789
2/21/2008,7.5769
2/22/2008,7.536
2/25/2008,7.5914
2/26/2008,7.5396
2/27/2008,7.4901
2/28/2008,7.4183
2/29/2008,7.3978
3/3/2008,7.3825
3/4/2008,7.4576
3/5/2008,7.4176
3/6/2008,7.3946
3/7/2008,7.383
3/10/2008,7.3389
3/11/2008,7.3395
3/12/2008,7.3405
3/13/2008,7.3064
3/14/2008,7.265
3/17/2008,7.2661
3/18/2008,7.291
3/19/2008,7.306
3/20/2008,7.374
3/21/2008,7.1638
3/24/2008,7.377
3/25/2008,7.3159
3/26/2008,7.229
3/27/2008,7.2308
3/28/2008,7.1935
3/31/2008,7.254
4/2/2008,7.2877
4/3/2008,7.289
4/4/2008,7.2457
4/7/2008,7.2699
4/8/2008,7.2783
4/9/2008,7.2325
4/10/2008,7.2563
4/11/2008,7.2213
4/14/2008,7.2281
4/15/2008,7.2418
4/16/2008,7.175
4/17/2008,7.203
4/18/2008,7.229
4/21/2008,7.2
4/22/2008,7.1632
4/23/2008,7.1983
4/24/2008,7.2811
4/25/2008,7.2867
4/28/2008,7.292
4/29/2008,7.3238
4/30/2008,7.302
5/2/2008,7.3618
5/5/2008,7.3521
5/6/2008,7.34
5/7/2008,7.4013
5/8/2008,7.3909
5/9/2008,7.3591
5/12/2008,7.3393
5/13/2008,7.3653
5/14/2008,7.3681
5/15/2008,7.3808
5/16/2008,7.3207
5/19/2008,7.3438
5/20/2008,7.2934
5/21/2008,7.2418
5/22/2008,7.2635
5/23/2008,7.2271
5/26/2008,7.2456
5/27/2008,7.2758
5/28/2008,7.2929
5/29/2008,7.3477
5/30/2008,7.3331
6/2/2008,7.3362
6/3/2008,7.3712
6/4/2008,7.3817
6/5/2008,7.3195
6/6/2008,7.2456
6/9/2008,7.2931
6/10/2008,7.3694
6/11/2008,7.3318
6/12/2008,7.3655
6/13/2008,7.4026
6/16/2008,7.3651
6/17/2008,7.3461
6/18/2008,7.3389
6/19/2008,7.3502
6/20/2008,7.2861
6/23/2008,7.3465
6/24/2008,7.3273
6/25/2008,7.287
6/26/2008,7.2546
6/27/2008,7.2383
6/30/2008,7.2557
7/2/2008,7.2074
7/3/2008,7.2769
7/4/2008,7.2559
7/7/2008,7.2651
7/8/2008,7.2857
7/9/2008,7.2609
7/10/2008,7.2424
7/11/2008,7.179
7/14/2008,7.2033
7/15/2008,7.2047
7/16/2008,7.228
7/17/2008,7.2229
7/18/2008,7.196
7/21/2008,7.2009
7/22/2008,7.2368
7/23/2008,7.2761
7/24/2008,7.278
7/25/2008,7.2688
7/28/2008,7.2565
7/29/2008,7.3198
7/30/2008,7.3256
7/31/2008,7.3167
8/1/2008,7.3105
8/2/2008,7.2398
8/3/2008,7.3272
8/4/2008,7.3253
8/5/2008,7.3681
8/6/2008,7.385
8/7/2008,7.4292
8/8/2008,7.4526
8/9/2008,7.4985
8/10/2008,7.5879
8/11/2008,7.5988
8/12/2008,7.605
8/13/2008,7.6033
8/14/2008,7.6562
8/15/2008,7.6811
8/16/2008,7.6489
8/17/2008,7.5979
8/18/2008,7.6913
8/19/2008,7.6486
8/20/2008,7.6678
8/21/2008,7.6076
8/22/2008,7.6338
8/23/2008,7.548
8/24/2008,7.6547
8/25/2008,7.6777
8/26/2008,7.7147
8/27/2008,7.6794
8/28/2008,7.6847
8/29/2008,7.6834
9/1/2008,7.745
9/2/2008,7.7724
9/3/2008,7.7863
9/4/2008,7.889
9/5/2008,7.8665
9/8/2008,7.9453
9/9/2008,7.9451
9/10/2008,8.0183
9/11/2008,8.0084
9/12/2008,7.9055
9/15/2008,7.885
9/16/2008,7.95
9/17/2008,7.854
9/18/2008,7.863
9/19/2008,7.795
9/22/2008,7.646
9/23/2008,7.697
9/24/2008,7.721
9/25/2008,7.715
9/26/2008,7.7207
9/29/2008,7.832
9/30/2008,7.963
10/1/2008,8.002
10/2/2008,8.082501
10/3/2008,8.0178
10/6/2008,8.254
10/7/2008,8.213
10/8/2008,8.187
10/9/2008,8.206
10/10/2008,8.2631
10/13/2008,8.195
10/14/2008,8.193
10/15/2008,8.283
10/16/2008,8.257
10/17/2008,8.2611
10/20/2008,8.351
10/21/2008,8.479
10/22/2008,8.615
10/23/2008,8.5117
10/24/2008,8.721
10/27/2008,8.815
10/28/2008,8.61
10/29/2008,8.535
10/30/2008,8.589
10/31/2008,8.5629
11/3/2008,8.73
11/4/2008,8.518
11/5/2008,8.556
11/6/2008,8.679
11/7/2008,8.5573
11/10/2008,8.6526
11/11/2008,8.791
11/12/2008,8.806
11/13/2008,8.62
11/14/2008,8.6288
11/17/2008,8.7097
11/18/2008,8.7156
11/19/2008,8.795
11/20/2008,8.8304
11/21/2008,8.6862
11/24/2008,8.5577
11/25/2008,8.4966
11/26/2008,8.57
11/27/2008,8.57
11/28/2008,8.5774
12/1/2008,8.7321
12/2/2008,8.6737
12/3/2008,8.6759
12/4/2008,8.6406
12/5/2008,8.5746
12/8/2008,8.5577
12/9/2008,8.555
12/10/2008,8.5071
12/11/2008,8.3403
12/12/2008,8.291799
12/15/2008,8.1579
12/16/2008,7.9793
12/17/2008,7.8218
12/18/2008,7.8721
12/19/2008,7.9434
12/22/2008,8.0301
12/23/2008,8.038
12/24/2008,8.007
12/25/2008,7.9909
12/26/2008,8.0132
12/29/2008,7.9923
12/30/2008,7.948
12/31/2008,7.9028
1/1/2009,8.015
1/2/2009,7.9398
1/5/2009,8.1862
1/6/2009,8.248
1/7/2009,8.196
1/8/2009,8.155
1/9/2009,8.1959
1/12/2009,8.3241
1/13/2009,8.415
1/14/2009,8.4
1/15/2009,8.43
1/16/2009,8.3639
1/19/2009,8.469
1/20/2009,8.584
1/21/2009,8.517
1/22/2009,8.511
1/23/2009,8.5071
1/26/2009,8.41
1/27/2009,8.4
1/28/2009,8.435
1/29/2009,8.528
1/30/2009,8.5926
2/2/2009,8.617
2/3/2009,8.503
2/4/2009,8.592
2/5/2009,8.593
2/6/2009,8.521
2/9/2009,8.528
2/10/2009,8.551
2/11/2009,8.545
2/12/2009,8.542
2/13/2009,8.539
2/16/2009,8.593
2/17/2009,8.746
2/18/2009,8.729
2/19/2009,8.7
2/20/2009,8.578
2/23/2009,8.6751
2/24/2009,8.585
2/25/2009,8.656
2/26/2009,8.65
2/27/2009,8.691
3/2/2009,8.756
3/3/2009,8.756
3/4/2009,8.709
3/5/2009,8.748
3/6/2009,8.665
3/9/2009,8.709
3/10/2009,8.655
3/11/2009,8.605
3/12/2009,8.554
3/13/2009,8.538
3/16/2009,8.512
3/17/2009,8.481
3/18/2009,8.245
3/19/2009,8.164
3/20/2009,8.183
3/23/2009,8.195
3/24/2009,8.265
3/25/2009,8.211
3/26/2009,8.241
3/27/2009,8.361
3/30/2009,8.416
3/31/2009,8.384
4/1/2009,8.385
4/2/2009,8.27
4/3/2009,8.262
4/6/2009,8.305
4/7/2009,8.369
4/8/2009,8.381
4/9/2009,8.431
4/10/2009,8.414
4/13/2009,8.324
4/14/2009,8.373
4/15/2009,8.396
4/16/2009,8.42
4/17/2009,8.489
4/20/2009,8.552
4/21/2009,8.546
4/22/2009,8.512
4/23/2009,8.442
4/24/2009,8.388
4/27/2009,8.505
4/28/2009,8.444
4/29/2009,8.373
4/30/2009,8.395001
5/1/2009,8.373
5/4/2009,8.3113
5/5/2009,8.347
5/6/2009,8.351
5/7/2009,8.306
5/8/2009,8.1833
5/11/2009,8.21
5/12/2009,8.181
5/13/2009,8.211
5/14/2009,8.187
5/15/2009,8.256
5/18/2009,8.223
5/19/2009,8.187
5/20/2009,8.12
5/21/2009,8.055
5/22/2009,8.009
5/25/2009,8.0048
5/26/2009,8.017
5/27/2009,8.091
5/28/2009,8.047
5/29/2009,7.932
6/1/2009,7.939
6/2/2009,7.871
6/3/2009,7.939
6/4/2009,7.927
6/5/2009,8.033
6/8/2009,8.071
6/9/2009,7.99
6/10/2009,8.033
6/11/2009,7.973
6/12/2009,8.011
6/15/2009,8.133
6/16/2009,8.105
6/17/2009,8.054
6/18/2009,8.066
6/19/2009,8.0372
6/22/2009,8.091
6/23/2009,7.991
6/24/2009,8.054
6/25/2009,8.016
6/26/2009,7.993
6/29/2009,7.979
6/30/2009,8.007
7/1/2009,7.959
7/2/2009,8.032
7/3/2009,8.017
7/6/2009,8.035
7/7/2009,8.065
7/8/2009,8.07
7/9/2009,8.01
7/10/2009,8.043
7/13/2009,8.027001
7/14/2009,8.027001
7/15/2009,7.966
7/16/2009,7.958
7/17/2009,7.975
7/20/2009,7.909
7/21/2009,7.915
7/22/2009,7.914
7/23/2009,7.933
7/24/2009,7.929
7/27/2009,7.908
7/28/2009,7.969
7/29/2009,8.002
7/30/2009,7.983
7/31/2009,7.903
8/3/2009,7.834
8/4/2009,7.831
8/5/2009,7.851
8/6/2009,7.857
8/7/2009,7.923
8/10/2009,7.963
8/11/2009,7.958
8/12/2009,7.908
8/13/2009,7.881
8/14/2009,7.934
8/17/2009,7.974
8/18/2009,7.943
8/19/2009,7.903
8/20/2009,7.888
8/21/2009,7.868
8/24/2009,7.887
8/25/2009,7.888
8/26/2009,7.898
8/27/2009,7.849
8/28/2009,7.8432
8/31/2009,7.8631
9/1/2009,7.9106
9/2/2009,7.88
9/3/2009,7.902
9/4/2009,7.882
9/7/2009,7.8545
9/8/2009,7.79
9/9/2009,7.758
9/10/2009,7.741
9/11/2009,7.746
9/14/2009,7.727
9/15/2009,7.715
9/16/2009,7.697
9/17/2009,7.675
9/18/2009,7.5
9/21/2009,7.697
9/22/2009,7.643
9/23/2009,7.683
9/24/2009,7.5215
9/25/2009,7.5011
9/28/2009,7.6988
9/29/2009,7.5698
9/30/2009,7.7039
10/1/2009,7.5677
10/2/2009,7.6885
10/5/2009,7.7105
10/6/2009,7.6676
10/7/2009,7.653
10/8/2009,7.6415
10/9/2009,7.6695
10/12/2009,7.6454
10/13/2009,7.6275
10/14/2009,7.6012
10/15/2009,7.5816
10/16/2009,7.6145
10/19/2009,7.5797
10/20/2009,7.585
10/21/2009,7.5419
10/22/2009,7.5569
10/23/2009,7.3802
10/26/2009,7.5517
10/27/2009,7.6355
10/28/2009,7.6312
10/29/2009,7.6249
10/30/2009,7.5051
11/2/2009,7.6292
11/3/2009,7.7075
11/4/2009,7.5823
11/5/2009,7.5904
11/6/2009,7.6332
11/9/2009,7.5585
11/10/2009,7.5615
11/11/2009,7.5231
11/12/2009,7.6212
11/13/2009,7.5944
11/16/2009,7.5321
11/17/2009,7.6195
11/18/2009,7.615
11/19/2009,7.5987
11/20/2009,7.6115
11/23/2009,7.605
11/24/2009,7.5852
11/25/2009,7.5222
11/26/2009,7.5627
11/27/2009,7.523
11/30/2009,7.5641
12/1/2009,7.3445
12/2/2009,7.5394
12/3/2009,7.5232
12/4/2009,7.6075
12/7/2009,7.6215
12/8/2009,7.6706
12/9/2009,7.6759
12/10/2009,7.6695
12/11/2009,7.6801
12/14/2009,7.7135
12/15/2009,7.7573
12/16/2009,7.7422
12/17/2009,7.8581
12/18/2009,7.8751
12/21/2009,7.8348
12/22/2009,7.8947
12/23/2009,7.8471
12/24/2009,7.6301
12/28/2009,7.8123
12/29/2009,7.8478
12/30/2009,7.8475
12/31/2009,7.6283
1/4/2010,7.8042
1/5/2010,7.8092
1/6/2010,7.8148
1/7/2010,7.8567
1/8/2010,7.8283
1/11/2010,7.7539
1/12/2010,7.7593
1/13/2010,7.7806
1/14/2010,7.7837
1/15/2010,7.8248
1/18/2010,7.8214
1/19/2010,7.879
1/20/2010,7.9564
1/21/2010,7.9533
1/22/2010,7.9269
1/25/2010,7.7391
1/26/2010,7.9544
1/27/2010,7.9726
1/28/2010,8.0026
1/29/2010,8.0578
2/1/2010,8.0438
2/2/2010,8.0208
2/3/2010,8.0385
2/4/2010,8.1158
2/5/2010,8.1814
2/8/2010,8.1365
2/9/2010,8.1375
2/10/2010,8.1322
2/11/2010,8.1717
2/12/2010,8.1823
2/15/2010,8.1886
2/16/2010,8.1226
2/17/2010,8.180101
2/18/2010,8.2028
2/19/2010,8.2244
2/22/2010,8.2
2/23/2010,8.223
2/24/2010,8.201
2/25/2010,8.2755
2/26/2010,8.1655
3/1/2010,8.265
3/2/2010,8.2095
3/3/2010,8.17
3/4/2010,8.2055
3/5/2010,8.187101
3/8/2010,8.1831
3/9/2010,8.235
3/10/2010,8.1647
3/11/2010,8.1533
3/12/2010,8.1069
3/15/2010,8.1592
3/16/2010,8.113401
3/17/2010,8.1142
3/18/2010,8.1848
3/19/2010,8.2175
3/22/2010,8.1602
3/23/2010,8.27
3/24/2010,8.3182
3/25/2010,8.314
3/26/2010,8.2863
3/29/2010,8.246101
3/30/2010,8.3275
3/31/2010,8.28
4/1/2010,8.245
4/2/2010,8.2675
4/5/2010,8.1
4/6/2010,8.34
4/7/2010,8.316
4/8/2010,8.35
4/9/2010,8.3
4/12/2010,8.232
4/13/2010,8.1381
4/14/2010,8.155501
4/15/2010,8.2233
4/16/2010,8.0378
4/19/2010,8.2684
4/20/2010,8.3175
4/21/2010,8.299501
4/22/2010,8.372
4/23/2010,8.2661
4/26/2010,8.365
4/27/2010,8.4325
4/28/2010,8.457501
4/29/2010,8.41
4/30/2010,8.385
5/3/2010,8.4445
5/4/2010,8.5225
5/5/2010,8.614
5/6/2010,8.6318
5/7/2010,8.714
5/10/2010,8.5876
5/11/2010,8.6681
5/12/2010,8.7185
5/13/2010,8.7775
5/14/2010,8.7884
5/17/2010,8.618
5/18/2010,8.8678
5/19/2010,8.8868
5/20/2010,8.8617
5/21/2010,8.7488
5/24/2010,8.88
5/25/2010,8.8517
5/26/2010,8.986
5/27/2010,8.8975
5/28/2010,8.8625
5/31/2010,8.9143
6/1/2010,8.945
6/2/2010,8.9578
6/3/2010,9.015
6/4/2010,9.098
6/7/2010,9.1355
6/8/2010,9.155
6/9/2010,9.105
6/10/2010,8.951199
6/11/2010,9.0438
6/14/2010,8.9056
6/15/2010,8.8882
6/16/2010,8.935
6/17/2010,8.8767
6/18/2010,8.91
6/21/2010,8.925
6/22/2010,8.97
6/23/2010,8.9448
6/24/2010,8.915
6/25/2010,8.905
6/28/2010,8.945
6/29/2010,8.9281
6/30/2010,8.9073
7/1/2010,8.8625
7/2/2010,8.77
7/5/2010,8.7684
7/6/2010,8.735
7/7/2010,8.7725
7/8/2010,8.7225
7/9/2010,8.6753
7/12/2010,8.6929
7/13/2010,8.7175
7/14/2010,8.6399
7/15/2010,8.5373
7/16/2010,8.582501
7/19/2010,8.4826
7/20/2010,8.6175
7/21/2010,8.5988
7/22/2010,8.6
7/23/2010,8.66
7/26/2010,8.512299
7/27/2010,8.4635
7/28/2010,8.4998
7/29/2010,8.5025
7/30/2010,8.505
8/2/2010,8.4162
8/3/2010,8.4375
8/4/2010,8.4675
8/5/2010,8.4392
8/6/2010,8.39
8/9/2010,8.3528
8/10/2010,8.4875
8/11/2010,8.605
8/12/2010,8.5723
8/13/2010,8.5998
8/16/2010,8.5875
8/17/2010,8.5585
8/18/2010,8.5446
8/19/2010,8.543
8/20/2010,8.673
8/23/2010,8.7043
8/24/2010,8.6726
8/25/2010,8.6603
8/26/2010,8.6618
8/27/2010,8.6279
8/30/2010,8.671
8/31/2010,8.609901
9/1/2010,8.6275
9/2/2010,8.5688
9/3/2010,8.5397
9/6/2010,8.5332
9/7/2010,8.71
9/8/2010,8.6235
9/9/2010,8.6114
9/10/2010,8.6975
9/13/2010,8.5686
9/14/2010,8.565
9/15/2010,8.497
9/16/2010,8.5
9/17/2010,8.4336
9/20/2010,8.525
9/21/2010,8.4825
9/22/2010,8.335
9/23/2010,8.386
9/24/2010,8.2594
9/27/2010,8.2677
9/28/2010,8.247501
9/29/2010,8.183601
9/30/2010,8.1463
10/1/2010,8.405
10/4/2010,8.2
10/5/2010,8.0735
10/6/2010,8.075
10/7/2010,8.07
10/8/2010,8.0675
10/11/2010,8.09
10/12/2010,8.105
10/13/2010,8.08
10/14/2010,7.9215
10/15/2010,8.06
10/18/2010,8.035
10/19/2010,8.18
10/20/2010,7.9863
10/21/2010,8.07
10/22/2010,8.0108
10/25/2010,8.05
10/26/2010,8.12
10/27/2010,8.155
10/28/2010,8.0372
10/29/2010,8.085
11/1/2010,8.08
11/2/2010,7.9839
11/3/2010,8.0365
11/4/2010,7.9038
11/5/2010,8.015
11/8/2010,8.08
11/9/2010,8.125
11/10/2010,8.125
11/11/2010,8.215
11/12/2010,8.185001
11/15/2010,8.24
11/16/2010,8.2303
11/17/2010,8.29
11/18/2010,8.205
11/19/2010,8.18
11/22/2010,8.23
11/23/2010,8.35
11/24/2010,8.3277
11/25/2010,8.313
11/26/2010,8.405
11/29/2010,8.4755
11/30/2010,8.5352
12/1/2010,8.4775
12/2/2010,8.3764
12/3/2010,8.335
12/6/2010,8.39
12/7/2010,8.385
12/8/2010,8.33
12/9/2010,8.3425
12/10/2010,8.44
12/13/2010,8.325
12/14/2010,8.33
12/15/2010,8.3382
12/16/2010,8.425
12/17/2010,8.425
12/20/2010,8.47
12/21/2010,8.49
12/22/2010,8.505
12/23/2010,8.4577
12/24/2010,8.2241
12/27/2010,8.4089
12/28/2010,8.49
12/29/2010,8.395001
12/30/2010,8.3629
12/31/2010,8.325
1/3/2011,8.3043
1/4/2011,8.334
1/5/2011,8.425
1/6/2011,8.535
1/7/2011,8.575
1/10/2011,8.575
1/11/2011,8.5128
1/12/2011,8.4721
1/13/2011,8.34
1/14/2011,8.355
1/17/2011,8.39
1/18/2011,8.2965
1/19/2011,8.28
1/20/2011,8.0753
1/21/2011,7.9885
1/24/2011,8.22
1/25/2011,8.1452
1/26/2011,8.175
1/27/2011,8.1516
1/28/2011,8.193
1/31/2011,8.18
2/1/2011,8.1
2/2/2011,8.135
2/3/2011,8.1665
2/4/2011,8.25
2/7/2011,8.2192
2/8/2011,8.1171
2/9/2011,8.15
2/10/2011,8.1884
2/11/2011,8.2366
2/14/2011,8.31
2/15/2011,8.285
2/16/2011,8.225
2/17/2011,8.225
2/18/2011,8.185001
2/21/2011,8.1578
2/22/2011,8.245
2/23/2011,8.19
2/24/2011,8.123201
2/25/2011,8.17
2/28/2011,8.14
3/1/2011,8.135
3/2/2011,8.1
3/3/2011,8.0618
3/4/2011,8.02
3/7/2011,8.09
3/8/2011,8.08
3/9/2011,8.0681
3/10/2011,8.1098
3/11/2011,8.0957
3/14/2011,8.02
3/15/2011,8.015
3/16/2011,8.0568
3/17/2011,8.033
3/18/2011,7.9371
3/21/2011,7.94
3/22/2011,7.955
3/23/2011,7.97
3/24/2011,7.94
3/25/2011,7.9882
3/28/2011,7.99
3/29/2011,7.99
3/30/2011,7.975
3/31/2011,7.94
4/1/2011,7.92
4/3/2011,7.6974
4/4/2011,7.7084
4/5/2011,7.93
4/6/2011,7.89
4/7/2011,7.915
4/8/2011,7.8242
4/9/2011,7.5909
4/11/2011,7.8083
4/12/2011,7.8223
4/13/2011,7.82
4/14/2011,7.79
4/15/2011,7.84
4/17/2011,7.6148
4/18/2011,7.945
4/19/2011,7.895
4/20/2011,7.795
4/21/2011,7.7775
4/24/2011,7.5721
4/25/2011,7.77
4/26/2011,7.732
4/27/2011,7.73
4/28/2011,7.6627
4/29/2011,7.6539
4/30/2011,7.4624
5/2/2011,7.634
5/3/2011,7.66
5/4/2011,7.6437
5/5/2011,7.7439
5/6/2011,7.8057
5/7/2011,7.6764
5/9/2011,7.8783
5/10/2011,7.86
5/11/2011,7.89
5/12/2011,7.9227
5/13/2011,8.015
5/15/2011,7.7767
5/16/2011,7.965
5/17/2011,7.7165
5/18/2011,7.906
5/19/2011,7.93
5/20/2011,7.9413
5/21/2011,7.7487
5/23/2011,8.0163
5/24/2011,7.9688
5/25/2011,7.9703
5/26/2011,7.97
5/27/2011,7.8957
5/28/2011,7.6616
5/30/2011,7.9037
5/31/2011,7.84
6/1/2011,7.8352
6/2/2011,7.8075
6/3/2011,7.76
6/5/2011,7.5175
6/6/2011,7.785
6/7/2011,7.7
6/8/2011,7.7621
6/9/2011,7.775
6/10/2011,7.875
6/11/2011,7.6569
6/13/2011,7.845
6/14/2011,7.8007
6/15/2011,7.9301
6/16/2011,7.965
6/17/2011,7.885
6/18/2011,7.6609
6/20/2011,7.895
6/21/2011,7.865
6/22/2011,7.84
6/23/2011,7.955
6/24/2011,7.7327
6/25/2011,7.7311
6/27/2011,7.9
6/28/2011,7.865
6/29/2011,7.855
6/30/2011,7.5802
7/1/2011,7.805
7/2/2011,7.5643
7/4/2011,7.7791
7/5/2011,7.815
7/6/2011,7.9
7/7/2011,7.8545
7/8/2011,7.9004
7/10/2011,7.6939
7/11/2011,8.05
7/12/2011,8.06
7/13/2011,7.95
7/14/2011,8.005
7/15/2011,7.9775
7/16/2011,7.733
7/18/2011,8
7/19/2011,7.946
7/20/2011,7.925
7/21/2011,7.8575
7/22/2011,7.845
7/24/2011,7.654
7/25/2011,7.885
7/26/2011,7.795
7/27/2011,7.8575
7/28/2011,7.8781
7/29/2011,7.885
7/30/2011,7.6158
8/1/2011,7.9361
8/2/2011,7.9188
8/3/2011,7.8757
8/4/2011,7.9608
8/5/2011,7.9462
8/6/2011,7.6633
8/8/2011,7.9073
8/9/2011,7.9057
8/10/2011,7.9246
8/11/2011,7.9121
8/15/2011,7.603
8/16/2011,7.6291
8/17/2011,7.6145
8/18/2011,7.895
8/19/2011,7.8475
8/20/2011,7.6234
8/22/2011,7.8975
8/23/2011,7.865
8/24/2011,7.85
8/25/2011,7.8437
8/26/2011,7.8166
8/27/2011,7.5854
8/29/2011,7.7825
8/30/2011,7.87
8/31/2011,7.8431
9/1/2011,7.925
9/2/2011,7.95
9/3/2011,7.7244
9/5/2011,7.9868
9/6/2011,8.015
9/7/2011,8.0048
9/8/2011,8.0439
9/9/2011,8.2
9/11/2011,7.9922
9/12/2011,8.2066
9/13/2011,8.145001
9/14/2011,8.1825
9/15/2011,8.1
9/16/2011,8.1419
9/19/2011,8.1958
9/20/2011,8.189
9/21/2011,8.1694
9/22/2011,8.3012
9/23/2011,8.2656
9/24/2011,8.0415
9/26/2011,8.2676
9/27/2011,8.225
9/28/2011,8.25
9/29/2011,8.2076
9/30/2011,8.305
10/3/2011,8.41
10/4/2011,8.1412
10/5/2011,8.3652
10/6/2011,8.335
10/7/2011,8.2592
10/9/2011,8.1479
10/10/2011,8.1858
10/11/2011,8.1838
10/12/2011,8.12
10/13/2011,8.145001
10/14/2011,8.105
10/15/2011,7.8593
10/17/2011,8.14
10/18/2011,8.14
10/19/2011,8.17
10/20/2011,8.180101
10/21/2011,8.07
10/22/2011,7.8475
10/24/2011,8.03
10/25/2011,8.0744
10/26/2011,8.0975
10/27/2011,7.9379
10/28/2011,7.955
10/31/2011,8.0651
11/1/2011,8.1725
11/2/2011,8.1571
11/3/2011,8.1297
11/4/2011,8.125
11/5/2011,7.912
11/7/2011,8.135
11/8/2011,8.095
11/9/2011,8.2282
11/10/2011,8.255
11/11/2011,8.155
11/13/2011,7.906
11/14/2011,8.2046
11/15/2011,8.273501
11/16/2011,8.2624
11/17/2011,8.2696
11/18/2011,8.2581
11/19/2011,8.0398
11/21/2011,8.2515
11/22/2011,8.2778
11/23/2011,8.3418
11/24/2011,8.3598
11/25/2011,8.3942
11/26/2011,8.1633
11/27/2011,8.2106
11/28/2011,8.1363
11/29/2011,8.345101
11/30/2011,8.3007
12/1/2011,8.29
12/2/2011,8.325
12/3/2011,8.1079
12/4/2011,8.1198
12/5/2011,8.2958
12/6/2011,8.3287
12/7/2011,8.32
12/8/2011,8.325
12/9/2011,8.3439
12/10/2011,8.1059
12/12/2011,8.2193
12/13/2011,8.4752
12/14/2011,8.53
12/15/2011,8.5311
12/16/2011,8.52
12/18/2011,8.2932
12/19/2011,8.55
12/20/2011,8.4847
12/21/2011,8.5059
12/22/2011,8.535
12/23/2011,8.52
12/24/2011,8.3046
12/27/2011,8.515
12/28/2011,8.5775
12/29/2011,8.58
12/30/2011,8.5519
12/31/2011,8.3517
1/2/2012,8.5766
1/3/2012,8.52
1/4/2012,8.5757
1/5/2012,8.65
1/6/2012,8.715
1/7/2012,8.4696
1/9/2012,8.645001
1/10/2012,8.646
1/11/2012,8.7
1/12/2012,8.635
1/13/2012,8.7325
1/14/2012,8.5007
1/16/2012,8.7027
1/17/2012,8.69
1/18/2012,8.618
1/19/2012,8.3342
1/20/2012,8.59
1/21/2012,8.3494
1/23/2012,8.53
1/24/2012,8.53
1/25/2012,8.555
1/26/2012,8.455
1/27/2012,8.435
1/28/2012,8.2065
1/30/2012,8.4572
1/31/2012,8.48
2/1/2012,8.445
2/2/2012,8.4395
2/3/2012,8.4665
2/4/2012,8.2345
2/6/2012,8.4658
2/7/2012,8.3956
2/8/2012,8.4028
2/9/2012,8.3808
2/10/2012,8.4275
2/11/2012,8.225
2/12/2012,8.2235
2/13/2012,8.4468
2/14/2012,8.452
2/15/2012,8.4995
2/16/2012,8.4562
2/17/2012,8.4484
2/18/2012,8.247
2/19/2012,8.2489
2/20/2012,8.4225
2/21/2012,8.3961
2/22/2012,8.3921
2/23/2012,8.3293
2/24/2012,8.2834
2/25/2012,8.09
2/27/2012,8.3199
2/28/2012,8.2769
2/29/2012,8.3573
3/1/2012,8.3648
3/2/2012,8.424
3/3/2012,8.2298
3/4/2012,8.2348
3/5/2012,8.4112
3/6/2012,8.4647
3/7/2012,8.4488
3/8/2012,8.3846
3/9/2012,8.4665
3/12/2012,8.4404
3/13/2012,8.507
3/14/2012,8.5142
3/15/2012,8.484901
3/16/2012,8.4356
3/17/2012,8.2353
3/19/2012,8.4058
3/20/2012,8.4003
3/21/2012,8.4167
3/22/2012,8.4312
3/23/2012,8.382
3/24/2012,8.1861
3/25/2012,8.1495
3/26/2012,8.3429
3/27/2012,8.36
3/28/2012,8.367
3/29/2012,8.3643
3/30/2012,8.3554
3/31/2012,8.1441
4/2/2012,8.3655
4/3/2012,8.4082
4/4/2012,8.4612
4/5/2012,8.4987
4/6/2012,8.45
4/7/2012,8.4987
4/8/2012,8.264399
4/9/2012,8.5
4/10/2012,8.4835
4/11/2012,8.4736
4/12/2012,8.4265
4/13/2012,8.492
4/14/2012,8.2883
4/15/2012,8.2654
4/16/2012,8.4514
4/17/2012,8.4537
4/18/2012,8.4732
4/19/2012,8.4485
4/20/2012,8.4082
4/22/2012,8.2127
4/23/2012,8.4387
4/24/2012,8.4279
4/25/2012,8.4182
4/26/2012,8.436
4/27/2012,8.3987
4/29/2012,8.1882
4/30/2012,8.3938
5/1/2012,8.43
5/2/2012,8.461
5/3/2012,8.4536
5/4/2012,8.4885
5/5/2012,8.2486
5/6/2012,8.2799
5/7/2012,8.4934
5/8/2012,8.5293
5/9/2012,8.5732
5/10/2012,8.5585
5/11/2012,8.5786
5/12/2012,8.3625
5/13/2012,8.5803
5/14/2012,8.6159
5/15/2012,8.6688
5/16/2012,8.686
5/17/2012,8.6928
5/18/2012,8.6568
5/19/2012,8.4437
5/21/2012,8.6359
5/22/2012,8.7124
5/23/2012,8.7551
5/24/2012,8.7791
5/25/2012,8.562
5/27/2012,8.5752
5/28/2012,8.8006
5/29/2012,8.8227
5/30/2012,8.8908
5/31/2012,8.8959
6/1/2012,8.575499
6/3/2012,8.6228
6/4/2012,8.8
6/5/2012,8.8438
6/6/2012,8.7545
6/7/2012,8.5653
6/8/2012,8.532
6/9/2012,8.532
6/10/2012,8.584
6/11/2012,8.8297
6/12/2012,8.8037
6/13/2012,8.7767
6/14/2012,8.7276
6/15/2012,8.4882
6/16/2012,8.5011
6/18/2012,8.7709
6/19/2012,8.4806
6/20/2012,8.6928
6/21/2012,8.771
6/22/2012,8.5132
6/23/2012,8.5435
6/24/2012,8.5438
6/25/2012,8.8085
6/26/2012,8.8134
6/27/2012,8.8181
6/28/2012,8.8444
6/29/2012,8.7197
6/30/2012,8.4975
7/2/2012,8.7511
7/3/2012,8.7422
7/4/2012,8.8014
7/5/2012,8.8681
7/6/2012,8.9338
7/7/2012,8.7151
7/9/2012,8.9123
7/10/2012,8.9444
7/11/2012,8.9495
7/12/2012,8.9826
7/13/2012,8.6872
7/14/2012,8.7354
7/16/2012,8.9461
7/17/2012,8.9353
7/18/2012,8.9276
7/19/2012,8.9403
7/20/2012,8.768
7/21/2012,8.7809
7/23/2012,9.0256
7/24/2012,9.0588
7/25/2012,9.0145
7/26/2012,8.937
7/27/2012,8.9153
7/29/2012,8.6841
7/30/2012,8.952599
7/31/2012,8.9232
8/1/2012,8.9557
8/2/2012,8.9873
8/3/2012,8.6012
8/4/2012,8.6474
8/6/2012,8.8608
8/7/2012,8.8683
8/8/2012,8.8854
8/9/2012,8.9177
8/10/2012,8.6692
8/11/2012,8.7059
8/13/2012,8.9037
8/14/2012,8.9153
8/15/2012,8.9317
8/16/2012,8.8888
8/17/2012,8.9054
8/18/2012,8.6793
8/19/2012,8.6793
8/20/2012,8.8859
8/22/2012,8.5587
8/23/2012,8.7654
8/24/2012,8.548101
8/25/2012,8.589
8/27/2012,8.8091
8/28/2012,8.775
8/29/2012,8.7821
8/30/2012,8.7975
8/31/2012,8.513699
9/1/2012,8.5536
9/2/2012,8.5536
9/3/2012,8.7605
9/4/2012,8.7619
9/5/2012,8.7557
9/6/2012,8.738
9/7/2012,8.634
9/8/2012,8.4104
9/10/2012,8.6638
9/11/2012,8.6123
9/12/2012,8.5892
9/13/2012,8.53
9/14/2012,8.2252
9/15/2012,8.2608
9/17/2012,8.4724
9/18/2012,8.5012
9/19/2012,8.5028
9/20/2012,8.5492
9/21/2012,8.2951
9/22/2012,8.3405
9/24/2012,8.5604
9/25/2012,8.5883
9/26/2012,8.6044
9/27/2012,8.5675
9/28/2012,8.3697
9/29/2012,8.3863
10/1/2012,8.5931
10/2/2012,8.5809
10/3/2012,8.5775
10/4/2012,8.5132
10/5/2012,8.2649
10/7/2012,8.2634
10/8/2012,8.5558
10/9/2012,8.602
10/10/2012,8.617
10/11/2012,8.5732
10/12/2012,8.3292
10/13/2012,8.3533
10/14/2012,8.3533
10/15/2012,8.5613
10/16/2012,8.4686
10/17/2012,8.4695
10/18/2012,8.4956
10/19/2012,8.2787
10/20/2012,8.3167
10/21/2012,8.3151
10/22/2012,8.503
10/23/2012,8.5432
10/24/2012,8.5527
10/25/2012,8.567
10/26/2012,8.5533
10/27/2012,8.3619
10/29/2012,8.5857
10/30/2012,8.5537
10/31/2012,8.5413
11/1/2012,8.5661
11/2/2012,8.3892
11/3/2012,8.405
11/4/2012,8.4021
11/5/2012,8.6423
11/6/2012,8.639
11/7/2012,8.6608
11/8/2012,8.67
11/9/2012,8.6794
11/10/2012,8.4735
11/11/2012,8.4413
11/12/2012,8.6832
11/13/2012,8.6932
11/14/2012,8.681
11/15/2012,8.643
11/16/2012,8.4301
11/17/2012,8.4487
11/19/2012,8.6566
11/20/2012,8.6338
11/21/2012,8.611
11/22/2012,8.6023
11/23/2012,8.2889
11/24/2012,8.3453
11/26/2012,8.542499
11/27/2012,8.5635
11/28/2012,8.56
11/29/2012,8.5427
11/30/2012,8.2704
12/1/2012,8.3345
12/3/2012,8.4902
12/4/2012,8.4826
12/5/2012,8.4876
12/6/2012,8.5514
12/7/2012,8.3302
12/8/2012,8.3538
12/10/2012,8.5617
12/11/2012,8.5279
12/12/2012,8.4896
12/13/2012,8.4949
12/14/2012,8.1867
12/15/2012,8.2481
12/17/2012,8.4462
12/18/2012,8.4146
12/19/2012,8.4082
12/20/2012,8.4094
12/21/2012,8.2011
12/24/2012,8.4375
12/25/2012,8.4394
12/26/2012,8.4143
12/27/2012,8.4033
12/28/2012,8.1709
12/29/2012,8.2087
12/31/2012,8.4241
1/1/2013,8.4218
1/2/2013,8.4288
1/3/2013,8.5152
1/4/2013,8.2402
1/5/2013,8.46
1/7/2013,8.4692
1/8/2013,8.4901
1/9/2013,8.4918
1/10/2013,8.3824
1/11/2013,8.103
1/12/2013,8.1533
1/14/2013,8.3357
1/15/2013,8.359
1/16/2013,8.3807
1/17/2013,8.3369
1/18/2013,8.1397
1/19/2013,8.1592
1/20/2013,8.1372
1/21/2013,8.3691
1/22/2013,8.3668
1/23/2013,8.3585
1/24/2013,8.3392
1/25/2013,8.0491
1/26/2013,8.0952
1/28/2013,8.3008
1/29/2013,8.278
1/30/2013,8.239
1/31/2013,8.2184
2/1/2013,7.9678
2/3/2013,7.9914
2/4/2013,8.2554
2/5/2013,8.2182
2/6/2013,8.2536
2/7/2013,8.3187
2/8/2013,8.1094
2/9/2013,8.1335
2/11/2013,8.3189
2/12/2013,8.2973
2/13/2013,8.2887
2/14/2013,8.34
2/15/2013,8.0986
2/16/2013,8.135
2/18/2013,8.3371
2/19/2013,8.3192
2/20/2013,8.3788
2/21/2013,8.4226
2/22/2013,8.1876
2/23/2013,8.2179
2/25/2013,8.4922
2/26/2013,8.4956
2/27/2013,8.4421
2/28/2013,8.4917
3/1/2013,8.2736
3/2/2013,8.3058
3/4/2013,8.4997
3/5/2013,8.4986
3/6/2013,8.5342
3/7/2013,8.456
3/8/2013,8.2957
3/9/2013,8.3145
3/11/2013,8.5116
3/12/2013,8.5084
3/13/2013,8.5379
3/14/2013,8.5143
3/15/2013,8.2471
3/16/2013,8.2705
3/18/2013,8.5568
3/19/2013,8.591
3/20/2013,8.549501
3/21/2013,8.5856
3/22/2013,8.2887
3/23/2013,8.3249
3/25/2013,8.603
3/26/2013,8.6116
3/27/2013,8.648
3/28/2013,8.3845
3/29/2013,8.3794
3/30/2013,8.4102
4/1/2013,8.635
4/2/2013,8.6247
4/3/2013,8.6184
4/4/2013,8.5618
4/5/2013,8.3196
4/7/2013,8.3617
4/8/2013,8.5237
4/9/2013,8.4874
4/10/2013,8.4982
4/11/2013,8.471
4/12/2013,8.229299
4/13/2013,8.2657
4/14/2013,8.2645
4/15/2013,8.5011
4/16/2013,8.4363
4/17/2013,8.5025
4/18/2013,8.2777
4/19/2013,8.2634
4/21/2013,8.2913
4/22/2013,8.5002
4/23/2013,8.5286
4/24/2013,8.5157
4/25/2013,8.5254
4/26/2013,8.2877
4/27/2013,8.3021
4/28/2013,8.3021
4/29/2013,8.4768
4/30/2013,8.4404
5/1/2013,8.4288
5/2/2013,8.4955
5/3/2013,8.2368
5/4/2013,8.2534
5/5/2013,8.485
5/6/2013,8.4909
5/7/2013,8.4888
5/8/2013,8.4493
5/9/2013,8.5081
5/10/2013,8.297401
5/11/2013,8.3315
5/13/2013,8.5483
5/14/2013,8.565
5/15/2013,8.5852
5/16/2013,8.5955
5/17/2013,8.3851
5/18/2013,8.6195
5/19/2013,8.6195
5/20/2013,8.5851
5/21/2013,8.5733
5/22/2013,8.6107
5/23/2013,8.5612
5/24/2013,8.3327
5/25/2013,8.3591
5/27/2013,8.5684
5/28/2013,8.6222
5/29/2013,8.5612
5/30/2013,8.5014
5/31/2013,8.5265
6/2/2013,8.2924
6/3/2013,8.4912
6/4/2013,8.4861
6/5/2013,8.48
6/6/2013,8.4051
6/7/2013,8.4111
6/8/2013,8.1683
6/9/2013,8.1683
6/10/2013,8.3983
6/11/2013,8.3639
6/12/2013,8.354299
6/13/2013,8.3358
6/14/2013,8.1169
6/15/2013,8.1147
6/16/2013,8.1147
6/17/2013,8.3452
6/18/2013,8.3312
6/19/2013,8.3802
6/20/2013,8.4151
6/21/2013,8.2343
6/22/2013,8.2595
6/23/2013,8.2595
6/24/2013,8.4594
6/25/2013,8.4875
6/26/2013,8.5251
6/27/2013,8.5038
6/28/2013,8.282
6/29/2013,8.3075
6/30/2013,8.3075
7/1/2013,8.4891
7/2/2013,8.5364
7/3/2013,8.529
7/4/2013,8.5819
7/5/2013,8.3761
7/6/2013,8.6253
7/7/2013,8.3735
7/8/2013,8.6003
7/9/2013,8.6546
7/10/2013,8.4532
7/11/2013,8.4837
7/12/2013,8.2663
7/13/2013,8.4972
7/14/2013,8.2858
7/15/2013,8.4977
7/16/2013,8.4372
7/17/2013,8.4708
7/18/2013,8.4735
7/19/2013,8.4494
7/20/2013,8.2427
7/22/2013,8.4263
7/23/2013,8.423101
7/24/2013,8.429
7/25/2013,8.3865
7/26/2013,8.1477
7/27/2013,8.1851
7/28/2013,8.1851
7/29/2013,8.3802
7/30/2013,8.3954
7/31/2013,8.3773
8/1/2013,8.4211
8/2/2013,8.1439
8/3/2013,8.1439
8/4/2013,8.1885
8/5/2013,8.3986
8/6/2013,8.3723
8/7/2013,8.3443
8/8/2013,8.3347
8/9/2013,8.1281
8/10/2013,8.36
8/12/2013,8.3831
8/13/2013,8.3925
8/14/2013,8.1978
8/15/2013,8.1502
8/16/2013,8.1311
8/17/2013,8.1633
8/18/2013,8.1291
8/19/2013,8.1603
8/20/2013,8.3167
8/21/2013,8.3513
8/22/2013,8.3375
8/23/2013,8.103
8/24/2013,8.1338
8/25/2013,8.1018
8/26/2013,8.339
8/27/2013,8.3296
8/28/2013,8.3547
8/29/2013,8.4051
8/30/2013,8.1816
8/31/2013,8.2097
9/2/2013,8.4326
9/3/2013,8.4471
9/4/2013,8.4255
9/5/2013,8.4709
9/6/2013,8.4386
9/7/2013,8.236
9/8/2013,8.1915
9/9/2013,8.4002
9/10/2013,8.3922
9/11/2013,8.3714
9/12/2013,8.3782
9/13/2013,8.3774
9/14/2013,8.1878
9/15/2013,8.1878
9/16/2013,8.3573
9/17/2013,8.3463
9/18/2013,8.2522
9/19/2013,8.2674
9/20/2013,8.2592
9/21/2013,8.0649
9/22/2013,8.0649
9/23/2013,8.2753
9/24/2013,8.2964
9/25/2013,8.2612
9/26/2013,8.2881
9/27/2013,8.2607
9/29/2013,8.0632
9/30/2013,8.2602
10/1/2013,8.273
10/2/2013,8.2323
10/3/2013,8.2189
10/4/2013,8.2434
10/5/2013,8.0263
10/6/2013,8.0447
10/7/2013,8.2344
10/8/2013,8.2411
10/9/2013,8.271401
10/10/2013,8.2576
10/11/2013,8.0326
10/12/2013,8.032
10/14/2013,8.2532
10/15/2013,8.2587
10/16/2013,8.2692
10/17/2013,8.1881
10/18/2013,7.9674
10/19/2013,7.9674
10/20/2013,7.9866
10/21/2013,8.1853
10/22/2013,8.1342
10/23/2013,8.1388
10/24/2013,8.1293
10/25/2013,7.9032
10/26/2013,7.9308
10/27/2013,7.9297
10/28/2013,8.1299
10/29/2013,8.1531
10/30/2013,8.162
10/31/2013,8.2342
11/1/2013,8.0641
11/2/2013,8.0916
11/4/2013,8.2676
11/5/2013,8.2891
11/6/2013,8.2741
11/7/2013,8.3189
11/8/2013,8.1144
11/10/2013,8.14
11/11/2013,8.322
11/12/2013,8.3063
11/13/2013,8.2801
11/14/2013,8.3011
11/15/2013,8.041099
11/17/2013,8.0889
11/18/2013,8.2761
11/19/2013,8.2404
11/20/2013,8.2963
11/21/2013,8.285
11/22/2013,8.2481
11/23/2013,8.0512
11/25/2013,8.2604
11/26/2013,8.2394
11/27/2013,8.2359
11/28/2013,8.2317
11/29/2013,8.0383
11/30/2013,8.038
12/1/2013,8.038
12/2/2013,8.2579
12/3/2013,8.2327
12/4/2013,8.2364
12/5/2013,8.1979
12/6/2013,8.1749
12/7/2013,8.1749
12/8/2013,7.9787
12/9/2013,8.1655
12/10/2013,8.1516
12/11/2013,8.152
12/12/2013,8.1962
12/13/2013,8.1764
12/14/2013,7.9619
12/15/2013,7.9799
12/16/2013,8.1644
12/17/2013,8.1427
12/18/2013,8.1743
12/19/2013,8.1988
12/20/2013,7.9922
12/21/2013,7.9922
12/22/2013,7.9922
12/23/2013,8.1644
12/24/2013,7.9896
12/25/2013,8.184
12/26/2013,7.9858
12/27/2013,7.9593
12/28/2013,7.961
12/29/2013,7.961
12/30/2013,8.125
12/31/2013,8.1481
1/1/2014,7.9558
1/2/2014,8.1756
1/3/2014,8.2344
1/4/2014,8.2344
1/5/2014,8.0387
1/6/2014,8.2109
1/7/2014,8.2181
1/8/2014,8.2371
1/9/2014,8.205
1/10/2014,7.9717
1/11/2014,7.9702
1/12/2014,7.9702
1/13/2014,8.1759
1/14/2014,8.18
1/15/2014,8.0251
1/16/2014,8.206
1/17/2014,8.0511
1/18/2014,8.0511
1/19/2014,8.0193
1/20/2014,8.2622
1/21/2014,8.229
1/22/2014,8.2499
1/23/2014,7.9772
1/24/2014,7.981
1/25/2014,7.9517
1/26/2014,7.9819
1/27/2014,8.1787
1/28/2014,8.1866
1/29/2014,8.1848
1/30/2014,8.2414
1/31/2014,8.0784
2/1/2014,8.0783
2/2/2014,8.2761
2/3/2014,8.2574
2/4/2014,8.2622
2/5/2014,8.2516
2/6/2014,8.235
2/7/2014,8.2113
2/8/2014,8.0176
2/9/2014,8.0176
2/10/2014,7.9981
2/11/2014,8.2007
2/12/2014,8.2214
2/13/2014,8.1762
2/14/2014,7.9632
2/15/2014,7.9638
2/16/2014,7.9638
2/17/2014,8.1555
2/18/2014,8.1345
2/19/2014,8.1492
2/20/2014,8.1621
2/21/2014,8.1475
2/22/2014,7.9557
2/23/2014,7.9541
2/24/2014,8.1529
2/25/2014,8.1353
2/26/2014,8.1884
2/27/2014,8.1674
2/28/2014,8.1138
3/1/2014,7.9248
3/2/2014,7.9248
3/3/2014,8.1537
3/4/2014,8.1388
3/5/2014,8.1422
3/6/2014,8.0845
3/7/2014,8.075
3/8/2014,8.075
3/9/2014,7.8797
3/10/2014,8.0883
3/11/2014,8.0902
3/12/2014,8.0646
3/13/2014,8.083901
3/14/2014,8.0709
3/15/2014,7.88
3/16/2014,7.88
3/17/2014,8.048
3/18/2014,8.0525
3/19/2014,8.11
3/20/2014,8.1455
3/21/2014,8.1193
3/22/2014,8.1193
3/23/2014,7.9265
3/24/2014,8.1142
3/25/2014,8.1048
3/26/2014,8.1395
3/27/2014,8.1448
3/28/2014,8.1543
3/29/2014,7.9612
3/31/2014,8.132
4/1/2014,8.1181
4/2/2014,8.1256
4/3/2014,8.1597
4/4/2014,8.1654
4/5/2014,7.9666
4/6/2014,7.9666
4/7/2014,8.1434
4/8/2014,8.1227
4/9/2014,8.0894
4/10/2014,8.0731
4/11/2014,8.0773
4/12/2014,7.8862
4/13/2014,7.8862
4/14/2014,7.9139
4/15/2014,7.9164
4/16/2014,7.9147
4/17/2014,7.9162
4/18/2014,7.916
4/19/2014,8.1077
4/20/2014,7.916
4/21/2014,7.9287
4/22/2014,8.1014
4/23/2014,8.1067
4/24/2014,8.1
4/25/2014,7.908
4/27/2014,8.0985
4/28/2014,8.09
4/29/2014,7.9361
4/30/2014,7.8921
5/1/2014,8.0821
5/2/2014,7.9079
5/5/2014,8.0972
5/6/2014,8.0721
5/7/2014,8.076
5/8/2014,8.1137
5/9/2014,7.954
5/10/2014,7.9549
5/11/2014,7.9549
5/12/2014,8.1547
5/13/2014,8.175
5/14/2014,8.1559
5/15/2014,8.1705
5/16/2014,8.18
5/17/2014,7.9502
5/19/2014,8.1596
5/20/2014,8.1736
5/21/2014,8.1835
5/22/2014,8.1777
5/23/2014,7.9933
5/25/2014,8.1889
5/26/2014,8.1917
5/27/2014,8
5/28/2014,8.0341
5/29/2014,8.227
5/30/2014,8.0173
6/2/2014,8.2086
6/3/2014,8.2183
6/4/2014,8.227
6/5/2014,8.1832
6/6/2014,8.011
6/7/2014,8.011
6/8/2014,8.0113
6/9/2014,8.2202
6/10/2014,8.2579
6/11/2014,8.2678
6/12/2014,8.2525
6/13/2014,8.26
6/14/2014,8.2565
6/15/2014,8.2565
6/16/2014,8.2202
6/17/2014,8.2535
6/18/2014,8.2199
6/19/2014,8.223
6/20/2014,8.229
6/21/2014,8.229
6/23/2014,8.226
6/24/2014,8.2504
6/25/2014,8.213
6/26/2014,8.012299
6/27/2014,8.011
6/30/2014,8.168
7/1/2014,8.195
7/2/2014,8.1985
7/3/2014,8.2194
7/4/2014,8.0335
7/5/2014,8.0319
7/7/2014,8.2309
7/8/2014,8.2178
7/9/2014,8.2147
7/10/2014,8.2103
7/11/2014,8.23
7/12/2014,8.2357
7/13/2014,8.2357
7/14/2014,8.2223
7/15/2014,8.2445
7/16/2014,8.2716
7/17/2014,8.0672
7/18/2014,8.2713
7/19/2014,8.2713
7/20/2014,8.0708
7/21/2014,8.2728
7/22/2014,8.2935
7/23/2014,8.2944
7/24/2014,8.2811
7/25/2014,8.2978
7/26/2014,8.2978
7/27/2014,8.0992
7/28/2014,8.3047
7/29/2014,8.3184
7/30/2014,8.1189
7/31/2014,8.1409
8/1/2014,8.0989
8/2/2014,8.0989
8/3/2014,8.2991
8/4/2014,8.1053
8/5/2014,8.1296
8/6/2014,8.1258
8/7/2014,8.1556
8/8/2014,8.1247
8/10/2014,8.3225
8/11/2014,8.3217
8/12/2014,8.1311
8/13/2014,8.1492
8/14/2014,8.1514
8/15/2014,8.1169
8/17/2014,8.3164
8/18/2014,8.1362
8/19/2014,8.3732
8/20/2014,8.3846
8/21/2014,8.3943
8/22/2014,8.1938
8/23/2014,8.1938
8/24/2014,8.3945
8/25/2014,8.224
8/26/2014,8.4333
8/27/2014,8.2375
8/28/2014,8.4308
8/29/2014,8.2252
8/31/2014,8.2489
9/1/2014,8.455
9/2/2014,8.4534
9/3/2014,8.4435
9/4/2014,8.581
9/5/2014,8.3075
9/8/2014,8.594
9/9/2014,8.572
9/10/2014,8.5659
9/11/2014,8.5795
9/12/2014,8.2968
9/13/2014,8.2952
9/15/2014,8.5803
9/16/2014,8.564
9/17/2014,8.625
9/18/2014,8.5635
9/19/2014,8.3816
9/20/2014,8.4083
9/22/2014,8.619
9/23/2014,8.3984
9/24/2014,8.658
9/25/2014,8.4681
9/26/2014,8.7204
9/27/2014,8.5084
9/28/2014,8.5084
9/29/2014,8.4808
9/30/2014,8.7494
10/1/2014,8.7559
10/2/2014,8.7271
10/3/2014,8.5555
10/4/2014,8.6016
10/6/2014,8.7315
10/7/2014,8.7299
10/8/2014,8.6905
10/9/2014,8.5051
10/10/2014,8.5083
10/11/2014,8.535
10/12/2014,8.535
10/13/2014,8.6864
10/14/2014,8.7182
10/15/2014,8.6442
10/16/2014,8.6495
10/17/2014,8.67
10/18/2014,8.4562
10/19/2014,8.4629
10/20/2014,8.6411
10/21/2014,8.6817
10/22/2014,8.7222
10/23/2014,8.7345
10/24/2014,8.4743
10/25/2014,8.5087
10/27/2014,8.707501
10/28/2014,8.6646
10/29/2014,8.731
10/30/2014,8.7429
10/31/2014,8.5674
11/1/2014,8.5674
11/2/2014,8.5674
11/3/2014,8.823
11/4/2014,8.7728
11/5/2014,8.6202
11/6/2014,8.6735
11/7/2014,8.5704
11/10/2014,8.8428
11/11/2014,8.8158
11/12/2014,8.8422
11/13/2014,8.8161
11/14/2014,8.5298
11/15/2014,8.5303
11/16/2014,8.5932
11/17/2014,8.831
11/18/2014,8.773
11/19/2014,8.7779
11/20/2014,8.7762
11/21/2014,8.87
11/22/2014,8.87
11/24/2014,8.8393
11/25/2014,8.8133
11/26/2014,8.8025
11/27/2014,8.827
11/28/2014,8.5869
12/1/2014,8.8212
12/2/2014,8.8712
12/3/2014,8.9135
12/4/2014,8.8748
12/5/2014,8.9234
12/6/2014,8.9234
12/8/2014,8.9086
12/9/2014,8.8701
12/10/2014,8.8378
12/11/2014,8.8581
12/12/2014,8.84
12/13/2014,8.6133
12/14/2014,8.832
12/15/2014,8.8549
12/16/2014,8.8024
12/17/2014,8.895001
12/18/2014,8.9312
12/19/2014,8.7354
12/22/2014,8.9772
12/23/2014,8.9945
12/24/2014,9
12/25/2014,8.9796
12/26/2014,8.9796
12/27/2014,9.01
12/29/2014,9.005
12/30/2014,9
12/31/2014,8.8139
1/1/2015,9.0372
1/2/2015,9.1
1/5/2015,9.143
1/6/2015,9.1699
1/7/2015,9.2148
1/8/2015,9.2418
1/9/2015,9.205
1/12/2015,9.2198
1/13/2015,9.0231
1/14/2015,9.2484
1/15/2015,9.3169
1/16/2015,9.37
1/19/2015,9.365
1/20/2015,9.3972
1/21/2015,9.3479
1/22/2015,9.5235
1/23/2015,9.6219
1/26/2015,9.597
1/27/2015,9.5155
1/28/2015,9.574
1/29/2015,9.5357
1/30/2015,9.5565
1/31/2015,9.3319
2/2/2015,9.534
2/3/2015,9.4629
2/4/2015,9.5576
2/5/2015,9.4447
2/6/2015,9.5324
2/9/2015,9.5268
2/10/2015,9.532
2/11/2015,9.5496
2/12/2015,9.4763
2/13/2015,9.52
2/15/2015,9.4797
2/16/2015,9.533
2/17/2015,9.4701
2/18/2015,9.483
2/19/2015,9.5038
2/20/2015,9.4952
2/23/2015,9.5232
2/24/2015,9.5499
2/25/2015,9.4924
2/26/2015,9.6089
2/27/2015,9.6203
3/2/2015,9.6267
3/3/2015,9.6246
3/4/2015,9.7209
3/5/2015,9.7309
3/6/2015,9.8365
3/9/2015,9.8663
3/10/2015,9.9541
3/11/2015,10.0745
3/12/2015,10.0185
3/13/2015,10.097
3/14/2015,10.097
3/16/2015,10.0585
3/17/2015,10.0405
3/18/2015,9.8458
3/19/2015,9.9752
3/20/2015,9.6424
3/23/2015,9.7868
3/24/2015,9.816
3/25/2015,9.7681
3/26/2015,9.8285
3/27/2015,9.573
3/30/2015,9.8561
3/31/2015,9.9358
4/1/2015,9.9089
4/2/2015,9.5878
4/3/2015,9.4979
4/6/2015,9.5359
4/7/2015,9.8713
4/8/2015,9.6472
4/9/2015,9.9865
4/10/2015,9.7784
4/13/2015,9.79
4/14/2015,10.0015
4/15/2015,9.7183
4/16/2015,9.9292
4/17/2015,9.6437
4/19/2015,9.6444
4/20/2015,9.9352
4/21/2015,9.6843
4/22/2015,9.9417
4/23/2015,9.636
4/24/2015,9.6097
4/26/2015,9.6125
4/27/2015,9.8577
4/28/2015,9.549
4/29/2015,9.7299
4/30/2015,9.4345
5/1/2015,9.4543
5/4/2015,9.7116
5/5/2015,9.6855
5/6/2015,9.3694
5/7/2015,9.6481
5/8/2015,9.4494
5/11/2015,9.7235
5/12/2015,9.6663
5/13/2015,9.5978
5/14/2015,9.5771
5/15/2015,9.3079
5/18/2015,9.6094
5/19/2015,9.7121
5/20/2015,9.7227
5/21/2015,9.7242
5/22/2015,9.5495
5/25/2015,9.7972
5/26/2015,9.8424
5/27/2015,9.5907
5/28/2015,9.8018
5/29/2015,9.5567
6/1/2015,9.8275
6/2/2015,9.6968
6/3/2015,9.663
6/4/2015,9.6714
6/5/2015,9.7218
6/8/2015,9.6349
6/9/2015,9.6257
6/10/2015,9.6071
6/11/2015,9.6539
6/12/2015,9.6436
6/15/2015,9.6293
6/16/2015,9.6557
6/17/2015,9.604
6/18/2015,9.603
6/19/2015,9.3536
6/22/2015,9.5819
6/23/2015,9.6828
6/24/2015,9.6743
6/25/2015,9.4243
6/26/2015,9.7
6/29/2015,9.677
6/30/2015,9.71
7/1/2015,9.7576
7/2/2015,9.738
7/3/2015,9.72
7/6/2015,9.5162
7/7/2015,9.784
7/8/2015,9.7645
7/9/2015,9.7378
7/10/2015,9.4569
7/13/2015,9.7901
7/14/2015,9.7946
7/15/2015,9.8032
7/16/2015,9.5985
7/17/2015,9.6288
7/19/2015,9.6297
7/20/2015,9.6308
7/21/2015,9.5768
7/22/2015,9.8279
7/23/2015,9.804
7/24/2015,9.805
7/27/2015,9.7505
7/28/2015,9.7623
7/29/2015,9.807
7/30/2015,9.8315
7/31/2015,9.5221
8/3/2015,9.8091
8/4/2015,9.8567
8/5/2015,9.8525
8/6/2015,9.8405
8/7/2015,9.83
8/10/2015,9.7788
8/11/2015,9.7788
8/12/2015,9.708
8/13/2015,9.7175
8/14/2015,9.4951
8/17/2015,9.7583
8/18/2015,9.7835
8/19/2015,9.7362
8/20/2015,9.6631
8/21/2015,9.352
8/24/2015,9.5008
8/25/2015,9.5133
8/26/2015,9.3792
8/27/2015,9.4218
8/28/2015,9.4616
8/31/2015,9.6775
9/1/2015,9.6425
9/2/2015,9.6825
9/3/2015,9.7325
9/4/2015,9.7202
9/7/2015,9.7147
9/8/2015,9.69
9/9/2015,9.685
9/10/2015,9.6537
9/11/2015,9.3832
9/14/2015,9.635
9/15/2015,9.6578
9/16/2015,9.649
9/17/2015,9.5929
9/18/2015,9.6465
9/21/2015,9.7022
9/22/2015,9.7195
9/23/2015,9.7028
9/24/2015,9.7081
9/25/2015,9.6979
9/28/2015,9.6812
9/29/2015,9.667
9/30/2015,9.7126
10/1/2015,9.7006
10/2/2015,9.685
10/5/2015,9.7006
10/6/2015,9.6608
10/7/2015,9.6755
10/8/2015,9.6508
10/9/2015,9.6115
10/11/2015,9.3649
10/12/2015,9.614
10/13/2015,9.6002
10/14/2015,9.5539
10/15/2015,9.6066
10/16/2015,9.6195
10/19/2015,9.6333
10/20/2015,9.6175
10/21/2015,9.3656
10/22/2015,9.759
10/23/2015,9.797
10/26/2015,9.7718
10/27/2015,9.7872
10/28/2015,9.8461
10/29/2015,9.8004
10/30/2015,9.7765
11/2/2015,9.8078
11/3/2015,9.8188
11/4/2015,9.8775
11/5/2015,9.8804
11/6/2015,9.945
11/9/2015,9.9355
11/10/2015,9.9475
11/11/2015,9.9475
11/12/2015,9.906
11/13/2015,9.6854
11/16/2015,9.722
11/17/2015,10.0015
11/18/2015,9.9865
11/19/2015,9.9555
11/20/2015,9.6906
11/23/2015,10.0166
11/24/2015,10.0143
11/25/2015,10.026
11/26/2015,10.0368
11/27/2015,9.7409
11/30/2015,10.0425
12/1/2015,10.018
12/2/2015,10.0329
12/3/2015,9.861
12/4/2015,9.5922
12/7/2015,9.9077
12/8/2015,9.8754
12/9/2015,9.8075
12/10/2015,9.8451
12/11/2015,9.5275
12/14/2015,9.8147
12/15/2015,9.8513
12/16/2015,9.886
12/17/2015,9.8925
12/18/2015,9.6321
12/21/2015,9.8595
12/22/2015,9.8438
12/23/2015,9.6415
12/24/2015,9.5678
12/25/2015,9.5569
12/28/2015,9.5871
12/29/2015,9.6119
12/30/2015,9.6245
12/31/2015,9.5879
1/1/2016,9.5857
1/4/2016,9.915
1/5/2016,9.9683
1/6/2016,9.9391
1/7/2016,9.861
1/8/2016,9.5222
1/11/2016,9.6445
1/12/2016,9.8968
1/13/2016,9.883
1/14/2016,9.8742
1/15/2016,9.573
1/18/2016,9.8746
1/19/2016,9.8595
1/20/2016,9.8795
1/21/2016,9.8816
1/22/2016,9.6444
1/23/2016,9.6637
1/25/2016,9.8771
1/26/2016,9.8922
1/27/2016,9.8556
1/28/2016,9.8512
1/29/2016,9.6498
2/1/2016,9.8639
2/2/2016,9.8601
2/3/2016,9.7574
2/4/2016,9.6995
2/5/2016,9.4775
2/6/2016,9.4775
2/8/2016,9.7048
2/9/2016,9.6556
2/10/2016,9.6561
2/11/2016,9.647
2/12/2016,9.4091
2/14/2016,9.4091
2/15/2016,9.7215
2/16/2016,9.739
2/17/2016,9.7495
2/18/2016,9.7537
2/19/2016,9.4303
2/20/2016,9.4959
2/22/2016,9.8015
2/23/2016,9.803
2/24/2016,9.8085
2/25/2016,9.7988
2/26/2016,9.6011
2/29/2016,9.8795
3/1/2016,9.8855
3/2/2016,9.8688
3/3/2016,9.8261
3/4/2016,9.4906
3/7/2016,9.8095
3/8/2016,9.816
3/9/2016,9.824
3/10/2016,9.715
3/11/2016,9.4427
3/14/2016,9.762
3/15/2016,9.7525
3/16/2016,9.685
3/17/2016,9.408
3/18/2016,9.3964
3/19/2016,9.387
3/21/2016,9.6895
3/22/2016,9.6812
3/23/2016,9.7195
3/24/2016,9.7195
3/25/2016,9.4886
3/28/2016,9.7
3/29/2016,9.6479
3/30/2016,9.6375
3/31/2016,9.609
4/1/2016,9.3736
4/2/2016,9.3736
4/3/2016,9.6117
4/4/2016,9.6105
4/5/2016,9.3716
4/6/2016,9.6015
4/7/2016,9.6195
4/8/2016,9.3708
4/9/2016,9.3708
4/10/2016,9.6041
4/11/2016,9.5783
4/12/2016,9.612
4/13/2016,9.65
4/14/2016,9.6728
4/15/2016,9.6633
4/18/2016,9.6315
4/19/2016,9.6228
4/20/2016,9.6472
4/21/2016,9.6615
4/22/2016,9.676
4/25/2016,9.6735
4/26/2016,9.6575
4/27/2016,9.6406
4/28/2016,9.6255
4/29/2016,9.3355
4/30/2016,9.3355
5/2/2016,9.5202
5/3/2016,9.5425
5/4/2016,9.5479
5/5/2016,9.5861
5/6/2016,9.5812
5/9/2016,9.6116
5/10/2016,9.6028
5/11/2016,9.5737
5/12/2016,9.6175
5/13/2016,9.6481
5/16/2016,9.648
5/17/2016,9.648
5/18/2016,9.6824
5/19/2016,9.7072
5/20/2016,9.6955
5/22/2016,9.4537
5/23/2016,9.6852
5/24/2016,9.7374
5/25/2016,9.7168
5/26/2016,9.7123
5/27/2016,9.7384
5/29/2016,9.7384
5/30/2016,9.7204
5/31/2016,9.7425
6/1/2016,9.717
6/2/2016,9.7354
6/3/2016,9.6239
6/6/2016,9.64
6/7/2016,9.6252
6/8/2016,9.6005
6/9/2016,9.6492
6/10/2016,9.6793
6/13/2016,9.6601
6/14/2016,9.6996
6/15/2016,9.6721
6/16/2016,9.6723
6/17/2016,9.3852
6/19/2016,9.3667
6/20/2016,9.6511
6/21/2016,9.6974
6/22/2016,9.6415
6/23/2016,9.6415
6/24/2016,9.4433
6/27/2016,9.8085
6/28/2016,9.7746
6/29/2016,9.7498
6/30/2016,9.5163
7/1/2016,9.7427
7/2/2016,9.4889
7/4/2016,9.7377
7/5/2016,9.7858
7/6/2016,9.7669
7/7/2016,9.795
7/8/2016,9.8088
7/9/2016,9.5092
7/11/2016,9.7852
7/12/2016,9.783
7/13/2016,9.7797
7/14/2016,9.7778
7/15/2016,9.5568
7/16/2016,9.5541
7/18/2016,9.777
7/19/2016,9.8282
7/20/2016,9.8213
7/21/2016,9.8137
7/22/2016,9.5801
7/25/2016,9.84
7/26/2016,9.8428
7/27/2016,9.7795
7/28/2016,9.7878
7/29/2016,9.4944
7/30/2016,9.435
8/1/2016,9.7379
8/2/2016,9.7067
8/3/2016,9.7499
8/4/2016,9.7549
8/5/2016,9.7859
8/8/2016,9.7711
8/9/2016,9.7703
8/10/2016,9.7289
8/11/2016,9.7415
8/12/2016,9.7275
8/15/2016,9.719
8/16/2016,9.6826
8/17/2016,9.6556
8/18/2016,9.632
8/19/2016,9.675
8/22/2016,9.6611
8/23/2016,9.6551
8/24/2016,9.6758
8/25/2016,9.6623
8/26/2016,9.7122
8/27/2016,9.4658
8/28/2016,9.4688
8/29/2016,9.7135
8/30/2016,9.7453
8/31/2016,9.7304
9/1/2016,9.7114
9/2/2016,9.731
9/5/2016,9.7344
9/6/2016,9.6909
9/7/2016,9.687
9/8/2016,9.6716
9/9/2016,9.7008
9/11/2016,9.4385
9/12/2016,9.4048
9/13/2016,9.4027
9/14/2016,9.685
9/15/2016,9.6865
9/16/2016,9.731
9/17/2016,9.4346
9/19/2016,9.7205
9/20/2016,9.7342
9/21/2016,9.7138
9/22/2016,9.7037
9/23/2016,9.6931
9/24/2016,9.4537
9/26/2016,9.683
9/27/2016,9.699
9/28/2016,9.703
9/29/2016,9.6984
9/30/2016,9.6859
10/3/2016,9.7011
10/4/2016,9.703
10/5/2016,9.7062
10/6/2016,9.741
10/7/2016,9.711
10/10/2016,9.7415
10/11/2016,9.783
10/12/2016,9.8087
10/13/2016,9.7893
10/14/2016,9.8311
10/15/2016,9.5841
10/17/2016,9.8253
10/18/2016,9.8295
10/19/2016,9.8459
10/20/2016,9.8559
10/21/2016,9.879
10/22/2016,9.5938
10/24/2016,9.9005
10/25/2016,9.8955
10/26/2016,9.8819
10/27/2016,9.8724
10/28/2016,9.841
10/31/2016,9.85
11/1/2016,9.8031
11/2/2016,9.765
11/3/2016,9.7798
11/4/2016,9.7655
11/7/2016,9.789
11/8/2016,9.826
11/9/2016,9.8801
11/10/2016,9.897
11/11/2016,9.6121
11/12/2016,9.6121
11/13/2016,9.6794
11/14/2016,9.9535
11/15/2016,9.969
11/16/2016,9.9842
11/17/2016,9.7012
11/18/2016,10.064
11/19/2016,9.8132
11/21/2016,10.048
11/22/2016,10.0475
11/23/2016,9.8315
11/24/2016,9.8028
11/25/2016,10.062
11/26/2016,9.8074
11/28/2016,10.0525
11/29/2016,10.0345
11/30/2016,10.0665
12/1/2016,10.0265
12/2/2016,9.7543
12/5/2016,9.9515
12/6/2016,9.9965
12/7/2016,9.9745
12/8/2016,10.0535
12/9/2016,9.7716
12/10/2016,9.7716
12/11/2016,9.7692
12/12/2016,10.0428
12/13/2016,10.0504
12/14/2016,10.1135
12/15/2016,10.1695
12/16/2016,10.094
12/17/2016,9.8331
12/19/2016,10.1785
12/20/2016,10.16
12/21/2016,10.1395
12/22/2016,10.159
12/23/2016,9.9012
12/26/2016,9.8958
12/27/2016,10.1445
12/28/2016,10.1715
12/29/2016,10.0801
12/30/2016,10.102
1/2/2017,10.1482
1/3/2017,10.1675
1/4/2017,10.1215
1/5/2017,10.0625
1/6/2017,10.0925
1/9/2017,10.0715
1/10/2017,10.0944
1/11/2017,10.0635
1/12/2017,10.0515
1/13/2017,9.7338
1/16/2017,10.0373
1/17/2017,9.9842
1/18/2017,10.0517
1/19/2017,10.0328
1/20/2017,9.7331
1/22/2017,9.7239
1/23/2017,9.9751
1/24/2017,9.9885
1/25/2017,9.9808
1/26/2017,10.019
1/27/2017,10.0185
1/28/2017,9.7133
1/29/2017,9.7621
1/30/2017,10.0025
1/31/2017,9.9353
2/1/2017,9.9545
2/2/2017,9.97
2/3/2017,9.7131
2/4/2017,9.7131
2/6/2017,9.9681
2/7/2017,10.0218
2/8/2017,10.0075
2/9/2017,10.015
2/10/2017,9.7377
2/11/2017,9.7929
2/13/2017,10.049
2/14/2017,9.8208
2/15/2017,10.0639
2/16/2017,9.7681
2/17/2017,9.7679
2/18/2017,10.055
2/20/2017,9.8001
2/21/2017,10.0979
2/22/2017,9.8304
2/23/2017,10.0755
2/24/2017,10.1
2/25/2017,9.8173
2/27/2017,10.073
2/28/2017,10.0827
3/1/2017,9.8385
3/2/2017,9.8567
3/3/2017,9.7967
3/4/2017,9.7938
3/5/2017,9.7934
3/6/2017,10.0765
3/7/2017,9.8226
3/8/2017,10.0952
3/9/2017,10.08
3/10/2017,9.7622
3/13/2017,9.7807
3/14/2017,10.0597
3/15/2017,9.9864
3/16/2017,9.7122
3/17/2017,9.7342
3/18/2017,9.7342
3/20/2017,9.7336
3/21/2017,9.6925
3/22/2017,9.7034
3/23/2017,9.9592
3/24/2017,9.6988
3/27/2017,9.9168
3/28/2017,9.6886
3/29/2017,9.9741
3/30/2017,10.0135
3/31/2017,9.7794
4/3/2017,10.0273
4/4/2017,10.02
4/5/2017,10.0239
4/6/2017,9.7835
4/7/2017,10.0707
4/8/2017,9.8116
4/10/2017,10.0665
4/11/2017,10.0596
4/12/2017,10.0242
4/13/2017,10.0594
4/14/2017,9.8019
4/17/2017,9.7709
4/18/2017,9.737
4/19/2017,9.7466
4/20/2017,9.7447
4/21/2017,9.7382
4/24/2017,9.9156
4/25/2017,9.6315
4/26/2017,9.8918
4/27/2017,9.6676
4/28/2017,9.6503
4/29/2017,9.6503
5/1/2017,9.8928
5/2/2017,9.8794
5/3/2017,9.6528
5/4/2017,9.8531
5/5/2017,9.5959
5/8/2017,9.6315
5/9/2017,9.6535
5/10/2017,9.6623
5/11/2017,9.6635
5/12/2017,9.6299
5/15/2017,9.6047
5/16/2017,9.5445
5/17/2017,9.7585
5/18/2017,9.782
5/19/2017,9.4875
5/20/2017,9.4875
5/22/2017,9.4714
5/23/2017,9.5023
5/24/2017,9.7184
5/25/2017,9.7298
5/26/2017,9.4788
5/29/2017,9.5268
5/30/2017,9.5062
5/31/2017,9.7125
6/1/2017,9.7263
6/2/2017,9.3913
6/3/2017,9.4502
6/5/2017,9.4636
6/6/2017,9.6976
6/7/2017,9.7039
6/8/2017,9.5015
6/9/2017,9.4526
6/12/2017,9.738
6/13/2017,9.7304
6/14/2017,9.7318
6/15/2017,9.7688
6/16/2017,9.775
6/19/2017,9.5247
6/20/2017,9.524
6/21/2017,9.5079
6/22/2017,9.5171
6/23/2017,9.4474
6/24/2017,9.4999
6/25/2017,9.4995
6/26/2017,9.5006
6/27/2017,9.505
6/28/2017,9.643
6/29/2017,9.61
6/30/2017,9.3384
7/3/2017,9.6425
7/4/2017,9.4122
7/5/2017,9.6569
7/6/2017,9.6177
7/7/2017,9.6337
7/8/2017,9.356
7/10/2017,9.6312
7/11/2017,9.3743
7/12/2017,9.6065
7/13/2017,9.3916
7/14/2017,9.3003
7/17/2017,9.5925
7/18/2017,9.3182
7/19/2017,9.54
7/20/2017,9.2806
7/21/2017,9.2236
7/24/2017,9.5056
7/25/2017,9.272
7/26/2017,9.465
7/27/2017,9.4805
7/28/2017,9.1749
7/31/2017,9.1855
8/1/2017,9.1902
8/2/2017,9.3953
8/3/2017,9.3827
8/4/2017,9.2074
8/7/2017,9.196
8/8/2017,9.4451
8/9/2017,9.2199
8/10/2017,9.4458
8/11/2017,9.4147
8/14/2017,9.1824
8/15/2017,9.2258
8/16/2017,9.4245
8/17/2017,9.2378
8/18/2017,9.1757
8/21/2017,9.2241
8/22/2017,9.2168
8/23/2017,9.388
8/24/2017,9.1664
8/25/2017,9.177
8/28/2017,9.0843
8/29/2017,9.084
8/30/2017,9.1187
8/31/2017,9.338
9/1/2017,9.1135
9/4/2017,9.1174
9/5/2017,9.331
9/6/2017,9.3444
9/7/2017,9.27
9/8/2017,9.0253
9/11/2017,9.09
9/12/2017,9.3065
9/13/2017,9.1221
9/14/2017,9.338
9/15/2017,9.0921
9/18/2017,9.3175
9/19/2017,9.075
9/20/2017,9.357
9/21/2017,9.0976
9/22/2017,9.0619
9/25/2017,9.3685
9/26/2017,9.4025
9/27/2017,9.1964
9/28/2017,9.405
9/29/2017,9.1901
10/2/2017,9.4285
10/3/2017,9.1932
10/4/2017,9.417
10/5/2017,9.2124
10/6/2017,9.1598
10/7/2017,9.2112
10/9/2017,9.1948
10/10/2017,9.3896
10/11/2017,9.3645
10/12/2017,9.1503
10/13/2017,9.1247
10/16/2017,9.399
10/17/2017,9.4115
10/18/2017,9.3985
10/19/2017,9.3725
10/20/2017,9.1443
10/23/2017,9.4156
10/24/2017,9.1845
10/25/2017,9.3865
10/26/2017,9.2448
10/27/2017,9.2282
10/30/2017,9.4786
10/31/2017,9.4701
11/1/2017,9.4866
11/2/2017,9.2358
11/3/2017,9.236
11/6/2017,9.2729
11/7/2017,9.494
11/8/2017,9.2672
11/9/2017,9.475
11/10/2017,9.1874
11/11/2017,9.1874
11/12/2017,9.2404
11/13/2017,9.233
11/14/2017,9.1708
11/15/2017,9.1787
11/16/2017,9.1785
11/17/2017,9.132
11/18/2017,9.1795
11/20/2017,9.1978
11/21/2017,9.2002
11/22/2017,9.415
11/23/2017,9.3835
11/24/2017,9.0554
11/27/2017,9.3735
11/28/2017,9.3985
11/29/2017,9.3995
11/30/2017,9.1456
12/1/2017,9.1091
12/2/2017,9.1382
12/4/2017,9.3952
12/5/2017,9.405
12/6/2017,9.4261
12/7/2017,9.4383
12/8/2017,9.2134
12/9/2017,9.2134
12/11/2017,9.2071
12/12/2017,9.2234
12/13/2017,9.4099
12/14/2017,9.2079
12/15/2017,9.2219
12/18/2017,9.4335
12/19/2017,9.4088
12/20/2017,9.157
12/21/2017,9.1637
12/22/2017,9.4035
12/25/2017,9.0773
12/26/2017,9.1647
12/27/2017,9.1477
12/28/2017,9.3597
12/29/2017,9.0957
12/30/2017,9.0957
1/1/2018,9.0882
1/2/2018,9.0712
1/3/2018,9.35
1/4/2018,9.0685
1/5/2018,9.0821
1/8/2018,9.3356
1/9/2018,9.3553
1/10/2018,9.343
1/11/2018,9.3056
1/12/2018,8.997
1/13/2018,9.2299
1/15/2018,9.1905
1/16/2018,8.9718
1/17/2018,9.0099
1/18/2018,9.2055
1/19/2018,8.9727
1/20/2018,8.9727
1/22/2018,9.2
1/23/2018,9.174
1/24/2018,9.1381
1/25/2018,9.1368
1/26/2018,9.1375
1/29/2018,9.1469
1/30/2018,9.1386
1/31/2018,9.1315
2/1/2018,9.091
2/2/2018,9.135
2/5/2018,9.1545
2/6/2018,9.1525
2/7/2018,9.2056
2/8/2018,9.2094
2/9/2018,9.233
2/12/2018,9.1879
2/13/2018,9.1628
2/14/2018,9.1112
2/15/2018,9.0925
2/16/2018,9.14
2/19/2018,9.1409
2/20/2018,9.1705
2/21/2018,9.197
2/22/2018,9.1704
2/23/2018,9.19
2/24/2018,8.9699
2/25/2018,8.9699
2/26/2018,9.1805
2/27/2018,9.2181
2/28/2018,9.237
3/1/2018,9.1995
3/2/2018,9.175
3/5/2018,9.169
3/6/2018,9.131
3/7/2018,9.1341
3/8/2018,9.1778
3/9/2018,9.19
3/12/2018,9.1592
3/13/2018,9.128
3/14/2018,9.1347
3/15/2018,9.155
3/16/2018,9.1675
3/19/2018,9.1409
3/20/2018,9.1879
3/21/2018,9.1409
3/22/2018,9.154
3/23/2018,9.1462
3/24/2018,8.9249
3/26/2018,9.1003
3/27/2018,9.1271
3/28/2018,9.1789
3/29/2018,9.1825
3/30/2018,9.2025
4/1/2018,8.9429
4/2/2018,9.21
4/3/2018,9.1979
4/4/2018,9.1947
4/5/2018,9.2081
4/6/2018,9.1911
4/9/2018,9.1702
4/10/2018,9.1428
4/11/2018,9.1406
4/12/2018,9.1619
4/13/2018,9.1625
4/16/2018,9.1365
4/17/2018,9.1441
4/18/2018,9.135
4/19/2018,9.1527
4/20/2018,9.1776
4/21/2018,8.9421
4/23/2018,9.2152
4/24/2018,9.2003
4/25/2018,9.2306
4/26/2018,9.2573
4/27/2018,9.27
4/30/2018,9.271
5/1/2018,9.335
5/2/2018,9.334
5/3/2018,9.3138
5/4/2018,9.3279
5/5/2018,9.0912
5/7/2018,9.34
5/8/2018,9.3749
5/9/2018,9.384
5/10/2018,9.3502
5/11/2018,9.345
5/13/2018,9.0974
5/14/2018,9.3409
5/15/2018,9.3915
5/16/2018,9.3985
5/17/2018,9.4095
5/18/2018,9.4226
5/19/2018,9.1422
5/21/2018,9.4124
5/22/2018,9.4163
5/23/2018,9.453
5/24/2018,9.4477
5/25/2018,9.5
5/28/2018,9.4953
5/29/2018,9.5405
5/30/2018,9.4759
5/31/2018,9.4604
6/1/2018,9.4776
6/2/2018,9.2386
6/4/2018,9.4605
6/5/2018,9.4444
6/6/2018,9.4182
6/7/2018,9.413
6/8/2018,9.4266
6/9/2018,9.1391
6/11/2018,9.4245
6/12/2018,9.4381
6/13/2018,9.41
6/14/2018,9.5267
6/15/2018,9.5088
6/18/2018,9.4935
6/19/2018,9.5162
6/20/2018,9.5254
6/21/2018,9.5098
6/22/2018,9.505
6/25/2018,9.4592
6/26/2018,9.4846
6/27/2018,9.5291
6/28/2018,9.5248
6/29/2018,9.4574
7/2/2018,9.473
7/3/2018,9.4641
7/4/2018,9.4557
7/5/2018,9.4376
7/6/2018,9.4109
7/7/2018,9.1744
7/9/2018,9.4047
7/10/2018,9.4193
7/11/2018,9.4445
7/12/2018,9.453
7/13/2018,9.46
7/16/2018,9.4315
7/17/2018,9.4528
7/18/2018,9.4559
7/19/2018,9.4516
7/20/2018,9.4184
7/21/2018,9.1769
7/22/2018,9.1769
7/23/2018,9.4235
7/24/2018,9.4224
7/25/2018,9.3971
7/26/2018,9.4487
7/27/2018,9.4412
7/30/2018,9.4155
7/31/2018,9.4244
8/1/2018,9.4342
8/2/2018,9.4593
8/3/2018,9.48
8/6/2018,9.4427
8/7/2018,9.4155
8/8/2018,9.4151
8/9/2018,9.462
8/10/2018,9.519
8/13/2018,9.5198
8/14/2018,9.5491
8/15/2018,9.5515
8/16/2018,9.5402
8/17/2018,9.5225
8/20/2018,9.2608
8/21/2018,9.211
8/22/2018,9.1915
8/23/2018,9.4504
8/24/2018,9.4165
8/27/2018,9.3852
8/28/2018,9.3713
8/29/2018,9.3569
8/30/2018,9.387
8/31/2018,9.4117
9/3/2018,9.4031
9/4/2018,9.4152
9/5/2018,9.394
9/6/2018,9.4003
9/7/2018,9.4299
9/10/2018,9.4096
9/11/2018,9.4089
9/12/2018,9.3912
9/13/2018,9.358
9/14/2018,9.3937
9/17/2018,9.3725
9/18/2018,9.3656
9/19/2018,9.3678
9/20/2018,9.321
9/21/2018,9.35
9/22/2018,9.0913
9/24/2018,9.0976
9/25/2018,9.3296
9/26/2018,9.3293
9/27/2018,9.3835
9/28/2018,9.3934
10/1/2018,9.4125
10/2/2018,9.4298
10/3/2018,9.4642
10/4/2018,9.4436
10/5/2018,9.4625
10/6/2018,9.4471
10/7/2018,9.202
10/8/2018,9.4469
10/9/2018,9.4535
10/10/2018,9.4363
10/11/2018,9.4015
10/12/2018,9.4223
10/15/2018,9.4096
10/16/2018,9.4155
10/17/2018,9.451
10/18/2018,9.4807
10/19/2018,9.4505
10/22/2018,9.4696
10/23/2018,9.4644
10/24/2018,9.5017
10/25/2018,9.5138
10/26/2018,9.4989
10/28/2018,9.2609
10/29/2018,9.5128
10/30/2018,9.528
10/31/2018,9.5431
11/1/2018,9.4985
11/2/2018,9.5175
11/5/2018,9.476
11/6/2018,9.4624
11/7/2018,9.4557
11/8/2018,9.494
11/9/2018,9.5088
11/12/2018,9.5655
11/13/2018,9.5149
11/14/2018,9.517
11/15/2018,9.4995
11/16/2018,9.478
11/17/2018,9.215
11/19/2018,9.4312
11/20/2018,9.4746
11/21/2018,9.4663
11/22/2018,9.4575
11/23/2018,9.4828
11/24/2018,9.2466
11/26/2018,9.492
11/27/2018,9.5109
11/28/2018,9.4735
11/29/2018,9.461
11/30/2018,9.4983
12/1/2018,9.2591
12/3/2018,9.4808
12/4/2018,9.4857
12/5/2018,9.485
12/6/2018,9.471
12/7/2018,9.4648
12/10/2018,9.4811
12/11/2018,9.4985
12/12/2018,9.4721
12/13/2018,9.527
12/14/2018,9.6075
12/17/2018,9.5619
12/18/2018,9.545
12/19/2018,9.5296
12/20/2018,9.4861
12/21/2018,9.55
12/24/2018,9.5235
12/25/2018,9.412
12/26/2018,9.5675
12/27/2018,9.512
12/28/2018,9.5241
12/31/2018,9.55
1/1/2019,9.3945
1/2/2019,9.5977
1/3/2019,9.5075
1/4/2019,9.515
1/7/2019,9.4561
1/8/2019,9.469
1/9/2019,9.4182
1/10/2019,9.444
1/11/2019,9.4744
1/14/2019,9.4954
1/15/2019,9.5074
1/16/2019,9.5181
1/17/2019,9.5216
1/18/2019,9.54
1/21/2019,9.5375
1/22/2019,9.536
1/23/2019,9.531
1/24/2019,9.5756
1/25/2019,9.52
1/26/2019,9.2917
1/28/2019,9.503
1/29/2019,9.5032
1/30/2019,9.4782
1/31/2019,9.5095
2/1/2019,9.515
2/4/2019,9.5121
2/5/2019,9.5186
2/6/2019,9.5216
2/7/2019,9.5296
2/8/2019,9.5148
2/9/2019,9.2374
2/11/2019,9.5271
2/12/2019,9.4749
2/13/2019,9.5215
2/14/2019,9.5248
2/15/2019,9.535
2/16/2019,9.5375
2/17/2019,9.5375
2/18/2019,9.512
2/19/2019,9.4997
2/20/2019,9.4959
2/21/2019,9.4993
2/22/2019,9.537
2/23/2019,9.2915
2/24/2019,9.2915
2/25/2019,9.5207
2/26/2019,9.511
2/27/2019,9.5334
2/28/2019,9.5328
3/1/2019,9.5376
3/2/2019,9.5626
3/3/2019,9.5626
3/4/2019,9.5565
3/5/2019,9.578
3/6/2019,9.5691
3/7/2019,9.63
3/8/2019,9.6095
3/9/2019,9.6345
3/10/2019,9.3652
3/11/2019,9.6006
3/12/2019,9.5933
3/13/2019,9.5706
3/14/2019,9.584
3/15/2019,9.5677
3/16/2019,9.5927
3/17/2019,9.5927
3/18/2019,9.5714
3/19/2019,9.572
3/20/2019,9.5353
3/21/2019,9.5628
3/22/2019,9.5966
3/23/2019,9.3512
3/24/2019,9.6162
3/25/2019,9.5861
3/26/2019,9.6071
3/27/2019,9.6264
3/28/2019,9.6335
3/29/2019,9.6375
3/30/2019,9.6625
3/31/2019,9.6625
4/1/2019,9.6527
4/2/2019,9.6475
4/3/2019,9.6229
4/4/2019,9.6314
4/5/2019,9.6333
4/6/2019,9.6583
4/7/2019,9.6583
4/8/2019,9.6081
4/9/2019,9.6054
4/10/2019,9.597
4/11/2019,9.605
4/12/2019,9.581
4/13/2019,9.3237
4/14/2019,9.3237
4/15/2019,9.5696
4/16/2019,9.5736
4/17/2019,9.5667
4/18/2019,9.6022
4/19/2019,9.614
4/20/2019,9.6165
4/21/2019,9.6165
4/22/2019,9.4837
4/23/2019,9.5945
4/24/2019,9.6393
4/25/2019,9.6463
4/26/2019,9.6463
4/27/2019,9.394
4/28/2019,9.66275
4/29/2019,9.636
4/30/2019,9.6235
5/1/2019,9.5107
5/2/2019,9.6507
5/3/2019,9.6625
5/4/2019,9.66625
5/5/2019,9.66625
5/6/2019,9.6316
5/7/2019,9.6523
5/8/2019,9.6489
5/9/2019,9.6255
5/10/2019,9.6097
5/11/2019,9.6347
5/12/2019,9.6347
5/13/2019,9.6145
5/14/2019,9.6265
5/15/2019,9.6219
5/16/2019,9.6327
5/17/2019,9.669
5/18/2019,9.6715
5/19/2019,9.6715
5/20/2019,9.6448
5/21/2019,9.6615
5/22/2019,9.6661
5/23/2019,9.6736
5/24/2019,9.6925
5/25/2019,9.4177
5/26/2019,9.68545
5/27/2019,9.6689
5/28/2019,9.6862
5/29/2019,9.7038
5/30/2019,9.7079
5/31/2019,9.6871
6/1/2019,9.7121
6/2/2019,9.4182
6/3/2019,9.645
6/4/2019,9.6366
6/5/2019,9.6476
6/6/2019,9.6247
6/7/2019,9.5944
6/8/2019,9.6194
6/9/2019,9.6194
6/10/2019,9.5998
6/11/2019,9.5908
6/12/2019,9.5993
6/13/2019,9.6046
6/14/2019,9.665
6/15/2019,9.3802
6/16/2019,9.64715
6/17/2019,9.6257
6/18/2019,9.6037
6/19/2019,9.5365
6/20/2019,9.517
6/21/2019,9.4878
6/22/2019,9.5128
6/23/2019,9.5128
6/24/2019,9.4856
6/25/2019,9.5019
6/26/2019,9.527
6/27/2019,9.554
6/28/2019,9.5552
6/29/2019,9.5802
6/30/2019,9.5802
7/1/2019,9.5965
7/2/2019,9.579
7/3/2019,9.5564
7/4/2019,9.5439
7/5/2019,9.5975
7/6/2019,9.60125
7/7/2019,9.60125
7/8/2019,9.5795
7/9/2019,9.5587
7/10/2019,9.5333
7/11/2019,9.5489
7/12/2019,9.5336
7/13/2019,9.5586
7/14/2019,9.5586
7/15/2019,9.5295
7/16/2019,9.5466
7/17/2019,9.5365
7/18/2019,9.5375
7/19/2019,9.589
7/20/2019,9.315
7/21/2019,9.58205
7/22/2019,9.5792
7/23/2019,9.6012
7/24/2019,9.5798
7/25/2019,9.5733
7/26/2019,9.5851
7/27/2019,9.6101
7/28/2019,9.6101
7/29/2019,9.582
7/30/2019,9.567
7/31/2019,9.6232
8/1/2019,9.6187
8/2/2019,9.3512
8/3/2019,9.62135
8/4/2019,9.62135
8/5/2019,9.5128
8/6/2019,9.538
8/7/2019,9.532
8/8/2019,9.5275
8/9/2019,9.55
8/10/2019,9.5525
8/11/2019,9.5525
8/12/2019,9.2832
8/13/2019,9.2819
8/14/2019,9.2825
8/15/2019,9.574
8/16/2019,9.5981
8/17/2019,9.6231
8/18/2019,9.6231
8/19/2019,9.5902
8/20/2019,9.5804
8/21/2019,9.5844
8/22/2019,9.5925
8/23/2019,9.5376
8/24/2019,9.2149
8/25/2019,9.4818
8/26/2019,9.5538
8/27/2019,9.5965
8/28/2019,9.6055
8/29/2019,9.5935
8/30/2019,9.652
8/31/2019,9.6545
9/1/2019,9.6545
9/2/2019,9.643
9/3/2019,9.6565
9/4/2019,9.6429
9/5/2019,9.4993
9/6/2019,9.5148
9/7/2019,9.2755
9/8/2019,9.58095
9/9/2019,9.365
9/10/2019,9.5093
9/11/2019,9.66
9/12/2019,9.5035
9/13/2019,9.5082
9/14/2019,9.65355
9/15/2019,9.65355
9/16/2019,9.694
9/17/2019,9.5192
9/18/2019,9.6885
9/19/2019,9.6775
9/20/2019,9.5373
9/21/2019,9.6832
9/22/2019,9.6832
9/23/2019,9.5378
9/24/2019,9.5364
9/25/2019,9.74
9/26/2019,9.735
9/27/2019,9.5483
9/28/2019,9.4251
9/29/2019,9.73605
9/30/2019,9.4518
10/1/2019,9.4069
10/2/2019,9.3938
10/3/2019,9.6925
10/4/2019,9.685
10/5/2019,9.3889
10/6/2019,9.69845
10/7/2019,9.679
10/8/2019,9.7075
10/9/2019,9.6925
10/10/2019,9.6725
10/11/2019,9.6725
10/12/2019,9.675
10/13/2019,9.358586
10/14/2019,9.363855
10/15/2019,9.6525
10/16/2019,9.627
10/17/2019,9.6075
10/18/2019,9.595
10/19/2019,9.59875
10/20/2019,9.59875
10/21/2019,9.604
10/22/2019,9.6
10/23/2019,9.611
10/24/2019,9.631
10/25/2019,9.646
10/26/2019,9.653
10/27/2019,9.653
10/28/2019,9.635
10/29/2019,9.62
10/30/2019,9.618
10/31/2019,9.6225
11/1/2019,9.308569
11/2/2019,9.613342
11/3/2019,9.613342
11/4/2019,9.6225
11/5/2019,9.649
11/6/2019,9.655
11/7/2019,9.6595
11/8/2019,9.67
11/9/2019,9.675
11/10/2019,9.675
11/11/2019,9.6675
11/12/2019,9.682
11/13/2019,9.669
11/14/2019,9.6725
11/15/2019,9.65
11/16/2019,9.350846
11/17/2019,9.658502
11/18/2019,9.64
11/19/2019,9.6355
11/20/2019,9.634
11/21/2019,9.628
11/22/2019,9.64
11/23/2019,9.6475
11/24/2019,9.6475
11/25/2019,9.6525
11/26/2019,9.642
11/27/2019,9.653
11/28/2019,9.341859
11/29/2019,9.66
11/30/2019,9.341677
12/1/2019,9.650259
12/2/2019,9.627
12/3/2019,9.62
12/4/2019,9.615
12/5/2019,9.6165
12/6/2019,9.645
12/7/2019,9.6475
12/8/2019,9.6475
12/9/2019,9.657
12/10/2019,9.639
12/11/2019,9.615
12/12/2019,9.602
12/13/2019,9.6
12/14/2019,9.6025
12/15/2019,9.6025
12/16/2019,9.606
12/17/2019,9.306928
12/18/2019,9.6175
12/19/2019,9.619
12/20/2019,9.63
12/21/2019,9.635
12/22/2019,9.635
12/23/2019,9.625
12/24/2019,9.6365
12/25/2019,9.329544
12/26/2019,9.625
12/27/2019,9.5935
12/28/2019,9.598
12/29/2019,9.598
12/30/2019,9.595
12/31/2019,9.56
1/1/2020,9.309879
1/2/2020,9.5975
1/3/2020,9.6
1/4/2020,9.605
1/5/2020,9.605
1/6/2020,9.57
1/7/2020,9.59
1/8/2020,9.6
1/9/2020,9.604
1/10/2020,9.5775
1/11/2020,9.27554
1/12/2020,9.27554
1/13/2020,9.575
1/14/2020,9.5775
1/15/2020,9.574
1/16/2020,9.585
1/17/2020,9.293218
1/18/2020,9.599165
1/19/2020,9.599165
1/20/2020,9.609
1/21/2020,9.604
1/22/2020,9.607
1/23/2020,9.6275
1/24/2020,9.641
1/25/2020,9.645
1/26/2020,9.645
1/27/2020,9.642
1/28/2020,9.644
1/29/2020,9.639
1/30/2020,9.624
1/31/2020,9.5925
2/1/2020,9.59625
2/2/2020,9.59625
2/3/2020,9.30382
2/4/2020,9.616
2/5/2020,9.64
2/6/2020,9.6525
2/7/2020,9.658
2/8/2020,9.6625
2/9/2020,9.6625
2/10/2020,9.685
2/11/2020,9.685
2/12/2020,9.6915
2/13/2020,9.717
2/14/2020,9.706
2/15/2020,9.7085
2/16/2020,9.7085
2/17/2020,9.72
2/18/2020,9.7375
2/19/2020,9.733
2/20/2020,9.7375
2/21/2020,9.701
2/22/2020,9.7025
2/23/2020,9.7025
2/24/2020,9.7025
2/25/2020,9.679
2/26/2020,9.678
2/27/2020,9.627
2/28/2020,9.595
2/29/2020,9.5975
3/1/2020,9.5975
3/2/2020,9.549
3/3/2020,9.523
3/4/2020,9.559
3/5/2020,9.51
3/6/2020,9.475
3/7/2020,9.485
3/8/2020,9.49
3/9/2020,9.411
3/10/2020,9.45
3/11/2020,9.230585
3/12/2020,9.55
3/13/2020,9.605
3/14/2020,9.6075
3/15/2020,9.6075
3/16/2020,9.5475
3/17/2020,9.324707
3/18/2020,9.735
3/19/2020,9.834
3/20/2020,9.815
3/21/2020,9.82
3/22/2020,9.82
3/23/2020,9.82
3/24/2020,9.865
3/25/2020,9.8275
3/26/2020,9.825
3/27/2020,9.8525
3/28/2020,9.8575
3/29/2020,9.517663
3/30/2020,10.035
3/31/2020,10.098
4/1/2020,10.098
4/2/2020,10.2785
4/3/2020,10.265
4/4/2020,10.27
4/5/2020,10.27
4/6/2020,10.293
4/7/2020,10.246
4/8/2020,10.258
4/9/2020,10.224
4/10/2020,10.215
4/11/2020,10.2225
4/12/2020,10.2225
4/13/2020,10.226
4/14/2020,10.18
4/15/2020,10.2175
4/16/2020,10.228
4/17/2020,10.2
4/18/2020,9.877425
4/19/2020,10.19007
4/20/2020,10
4/21/2020,10.011
4/22/2020,9.935
4/23/2020,9.993
4/24/2020,9.959
4/25/2020,9.9635
4/26/2020,9.9635
4/27/2020,9.95
4/28/2020,9.929
4/29/2020,9.915
4/30/2020,9.858
5/1/2020,9.842
5/2/2020,9.847
5/3/2020,9.847
5/4/2020,9.885
5/5/2020,9.907
5/6/2020,9.8965
5/7/2020,9.86
5/8/2020,9.82
5/9/2020,9.825
5/10/2020,9.825
5/11/2020,9.854
5/12/2020,9.835
5/13/2020,9.8355
5/14/2020,9.87
5/15/2020,9.875
5/16/2020,9.88
5/17/2020,9.88
5/18/2020,9.818
5/19/2020,9.83
5/20/2020,9.7975
5/21/2020,9.8275
5/22/2020,9.8825
5/23/2020,9.8855
5/24/2020,9.8855
5/25/2020,9.559477
5/26/2020,9.86
5/27/2020,9.84
5/28/2020,9.806
5/29/2020,9.786
5/30/2020,9.791
5/31/2020,9.791
6/1/2020,9.768
6/2/2020,9.725
6/3/2020,9.7
6/4/2020,9.6465
6/5/2020,9.677
6/6/2020,9.664
6/7/2020,9.669
6/8/2020,9.673
6/9/2020,9.646
6/10/2020,9.628
6/11/2020,9.643
6/12/2020,9.67
6/13/2020,9.675
6/14/2020,9.675
6/15/2020,9.632
6/16/2020,9.66
6/17/2020,9.67
6/18/2020,9.6875
6/19/2020,9.65
6/20/2020,9.67
6/21/2020,9.67
6/22/2020,9.64
6/23/2020,9.6285
6/24/2020,9.654
6/25/2020,9.6875
6/26/2020,9.71
6/27/2020,9.7125
6/28/2020,9.7125
6/29/2020,9.705
6/30/2020,9.6975
7/1/2020,9.695
7/2/2020,9.7
7/3/2020,9.6878
7/4/2020,9.6903
7/5/2020,9.6903
7/6/2020,9.642
7/7/2020,9.64
7/8/2020,9.618
7/9/2020,9.647
7/10/2020,9.625
7/11/2020,9.353342
7/12/2020,9.353342
7/13/2020,9.598
7/14/2020,9.581
7/15/2020,9.587
7/16/2020,9.58
7/17/2020,9.57
7/19/2020,9.575
7/20/2020,9.565
7/21/2020,9.474
7/22/2020,9.44
7/23/2020,9.435
7/24/2020,9.4025
7/25/2020,9.4075
7/26/2020,9.4075
7/27/2020,9.357
7/28/2020,9.365
7/29/2020,9.3385
7/30/2020,9.305
7/31/2020,9.315
8/1/2020,9.32
8/2/2020,9.32
8/3/2020,9.34
8/4/2020,9.346
8/5/2020,8.995172
8/6/2020,9.22
8/7/2020,9.2675
8/8/2020,9.000199
8/9/2020,9.288607
8/10/2020,9.267
8/11/2020,9.256
8/12/2020,9.24
8/13/2020,9.232
8/14/2020,8.953257
8/15/2020,9.241091
8/16/2020,9.241091
8/17/2020,9.183
8/18/2020,9.1595
8/19/2020,8.877779
8/20/2020,8.908243
8/21/2020,8.908329
8/22/2020,9.196536
8/23/2020,9.196536
8/24/2020,8.937449
8/25/2020,8.933001
8/26/2020,8.930148
8/27/2020,8.934901
8/28/2020,8.874953
8/29/2020,9.160572
8/30/2020,9.160572
8/31/2020,8.863769
9/1/2020,8.834299
9/2/2020,8.90824
9/3/2020,8.921426
9/4/2020,9.185
9/5/2020,9.19
9/6/2020,9.19
9/7/2020,8.899033
9/8/2020,9.193
9/9/2020,9.182
9/10/2020,9.18
9/11/2020,9.18
9/12/2020,9.184
9/13/2020,9.184
9/14/2020,9.1695
9/15/2020,9.231
9/16/2020,9.237
9/17/2020,9.2325
9/18/2020,9.219
9/19/2020,9.2235
9/20/2020,9.2235
9/21/2020,9.245
9/22/2020,9.258
9/23/2020,9.245
9/24/2020,9.265
9/25/2020,9.287
9/26/2020,9.292
9/27/2020,9.292
9/28/2020,9.274
9/29/2020,9.274
9/30/2020,9.239
10/1/2020,9.247
10/2/2020,9.244
10/3/2020,9.249
10/4/2020,9.249
10/5/2020,9.25
10/6/2020,9.25
10/7/2020,8.965256
10/8/2020,9.2465
10/9/2020,9.182
10/10/2020,9.187
10/11/2020,9.187
10/12/2020,8.916576
10/13/2020,9.226
10/14/2020,9.2
10/15/2020,9.22
10/16/2020,9.205
10/17/2020,9.2075
10/18/2020,9.2075
10/19/2020,9.18
10/20/2020,9.1525
10/21/2020,9.148
10/22/2020,9.165
10/23/2020,9.145
10/24/2020,9.15
10/25/2020,9.15
10/26/2020,9.1625
10/27/2020,9.155
10/28/2020,9.178
10/29/2020,8.941199
10/30/2020,9.228
10/31/2020,9.233
11/1/2020,9.233
11/2/2020,9.239
11/3/2020,9.202
11/4/2020,9.2
11/5/2020,9.145
11/6/2020,9.115
11/7/2020,9.12
11/8/2020,9.12
11/9/2020,9.152
11/10/2020,9.152
11/11/2020,8.887388
11/12/2020,9.146
11/13/2020,9.125
11/14/2020,9.13
11/15/2020,9.13
11/16/2020,9.137
11/17/2020,9.1225
11/18/2020,9.11
11/19/2020,9.108
11/20/2020,9.11
11/21/2020,9.115
11/22/2020,9.115
11/23/2020,9.123
11/24/2020,9.103
11/25/2020,9.089
11/26/2020,8.81098
11/27/2020,9.075
11/28/2020,9.06
11/29/2020,9.065
11/30/2020,9.085
12/1/2020,9.025
12/2/2020,9.0125
12/3/2020,8.9915
12/4/2020,8.985
12/5/2020,8.985
12/6/2020,8.985
12/7/2020,8.998
12/8/2020,8.9925
12/9/2020,9.0025
12/10/2020,8.975
12/11/2020,8.987
12/12/2020,8.9895
12/13/2020,8.9895
12/14/2020,8.965
12/15/2020,8.9525
12/16/2020,8.908
12/17/2020,8.882
12/18/2020,8.88
12/19/2020,8.88
12/20/2020,8.885
12/21/2020,8.955
12/22/2020,8.98
12/23/2020,8.98
12/24/2020,8.964
12/25/2020,8.691069
12/26/2020,8.969984
12/27/2020,8.969984
12/28/2020,8.935
12/29/2020,8.924
12/30/2020,8.895
12/31/2020,8.902
1/1/2021,8.648737
1/2/2021,8.927095
1/3/2021,8.927095
1/4/2021,8.855
1/5/2021,8.82
1/6/2021,8.8
1/7/2021,8.8075
1/8/2021,8.835
1/9/2021,8.561636
1/10/2021,8.839755
1/11/2021,8.8
1/12/2021,8.833
1/13/2021,8.8675
1/14/2021,8.86
1/15/2021,8.92
1/16/2021,8.657809
1/17/2021,8.939277
1/18/2021,8.671867
1/19/2021,8.922
1/20/2021,8.965
1/21/2021,8.9225
1/22/2021,8.929
1/23/2021,8.9315
1/24/2021,8.9315
1/25/2021,8.87
1/26/2021,8.953
1/27/2021,8.968
1/28/2021,8.9625
1/29/2021,8.945
1/30/2021,8.945
1/31/2021,8.95
2/1/2021,8.979
2/2/2021,8.987
2/3/2021,8.9865
2/4/2021,9.015
2/5/2021,8.983
2/6/2021,8.983
2/7/2021,8.9875
2/8/2021,8.9575
2/9/2021,8.924
2/10/2021,8.927
2/11/2021,8.925
2/12/2021,8.945
2/13/2021,8.95
2/14/2021,8.95
2/15/2021,8.656331
2/16/2021,8.933
2/17/2021,8.949
2/18/2021,8.916
2/19/2021,8.904
2/20/2021,8.636726
2/21/2021,8.917294
2/22/2021,8.891
2/23/2021,8.902
2/24/2021,8.905
2/25/2021,8.60486
2/26/2021,8.660408
2/27/2021,8.941158
2/28/2021,8.941158
3/1/2021,8.94
3/2/2021,8.9075
3/3/2021,8.935
3/4/2021,8.9785
3/5/2021,9.0165
3/6/2021,9.0205
3/7/2021,9.0205
3/8/2021,9.04
3/9/2021,9.022
3/10/2021,9.014
3/11/2021,8.982
3/12/2021,8.993
3/13/2021,8.9975
3/14/2021,8.699308
3/15/2021,8.994
3/16/2021,8.999
3/17/2021,8.98
3/18/2021,8.9825
3/19/2021,8.9725
3/20/2021,8.97625
3/21/2021,8.702034
3/22/2021,8.958
3/23/2021,8.995
3/24/2021,9.027
3/25/2021,9.06
3/26/2021,9.04
3/27/2021,9.045
3/28/2021,9.045
3/29/2021,9.05
3/30/2021,9.0725
3/31/2021,9.0655
4/1/2021,9.0325
4/2/2021,9.055
4/3/2021,9.0595
4/4/2021,9.0595
4/5/2021,8.757309
4/6/2021,8.75452
4/7/2021,8.708747
4/8/2021,8.70491
4/9/2021,8.686994
4/10/2021,8.952
4/11/2021,8.9565
4/12/2021,8.956
4/13/2021,8.944
4/14/2021,8.929
4/15/2021,8.9325
4/16/2021,8.93255
4/17/2021,8.652348
4/18/2021,8.655852
4/19/2021,8.915
4/20/2021,8.917
4/21/2021,8.9225
4/22/2021,8.928
4/23/2021,8.894
4/24/2021,8.597562
4/25/2021,8.87862
4/26/2021,8.895
4/27/2021,8.894
4/28/2021,8.888
4/29/2021,8.901
4/30/2021,8.944
5/1/2021,8.68398
5/2/2021,8.966843
5/3/2021,8.91
5/4/2021,8.925
5/5/2021,8.915
5/6/2021,8.8775
5/7/2021,8.8385
5/8/2021,8.53045
5/9/2021,8.809981
5/10/2021,8.841
5/11/2021,8.844
5/12/2021,8.865
5/13/2021,8.8575
5/14/2021,8.85
5/15/2021,8.855
5/16/2021,8.855
5/17/2021,8.835
5/18/2021,8.795
5/19/2021,8.83
5/20/2021,8.81
5/21/2021,8.814
5/22/2021,8.8185
5/23/2021,8.8185
5/24/2021,8.8095
5/25/2021,8.79
5/26/2021,8.826
5/27/2021,8.8375
5/28/2021,8.829
5/29/2021,8.8335
5/30/2021,8.8335
5/31/2021,8.569671
6/1/2021,8.81
6/2/2021,8.82
6/3/2021,8.85
6/4/2021,8.828
6/5/2021,8.8325
6/6/2021,8.8325
6/7/2021,8.815
6/8/2021,8.82
6/9/2021,8.8125
6/10/2021,8.81
6/11/2021,8.835
6/12/2021,8.8395
6/13/2021,8.8395
6/14/2021,8.8375
6/15/2021,8.82
6/16/2021,8.82
6/17/2021,8.902
6/18/2021,8.902
6/19/2021,8.9045
6/20/2021,8.9045
6/21/2021,8.906
6/22/2021,8.894
6/23/2021,8.89
6/24/2021,8.9
6/25/2021,8.904
6/26/2021,8.9085
6/27/2021,8.614631
6/28/2021,8.893
6/29/2021,8.906
6/30/2021,8.931
7/1/2021,8.933
7/2/2021,8.935
7/3/2021,8.628824
7/4/2021,8.915381
7/5/2021,8.627076
7/6/2021,8.945
7/7/2021,8.945
7/8/2021,8.936
7/9/2021,8.908
7/10/2021,8.624484
7/11/2021,8.910752
7/12/2021,8.932
7/13/2021,8.961
7/14/2021,8.937
7/15/2021,8.937
7/16/2021,8.666661
7/17/2021,8.663578
7/18/2021,8.951581
7/19/2021,8.663669
7/20/2021,8.965
7/21/2021,8.95
7/22/2021,8.95
7/23/2021,8.9675
7/24/2021,8.677291
7/25/2021,8.966129
7/26/2021,8.926
7/27/2021,8.94
7/28/2021,8.94
7/29/2021,8.636678
7/30/2021,8.609741
7/31/2021,8.895405
8/1/2021,8.895405
8/2/2021,8.626089
8/3/2021,8.9245
8/4/2021,8.9275
8/5/2021,8.93
8/6/2021,8.66238
8/7/2021,8.693678
8/8/2021,8.693678
8/9/2021,8.684672
8/10/2021,8.688202
8/11/2021,8.717377
8/12/2021,8.694934
8/13/2021,8.694387
8/14/2021,8.983729
8/15/2021,8.983729
8/16/2021,8.673344
8/17/2021,8.681226
8/18/2021,8.706622
8/19/2021,8.711684
8/20/2021,8.993
8/21/2021,8.699239
8/22/2021,8.699239
8/23/2021,8.991
8/24/2021,8.976
8/25/2021,8.981
8/26/2021,8.677475
8/27/2021,8.685207
8/28/2021,8.974332
8/29/2021,8.974332
8/30/2021,8.668546
8/31/2021,8.646398
9/1/2021,8.658787
9/2/2021,8.645283
9/3/2021,8.633479
9/4/2021,8.919847
9/5/2021,8.919847
9/6/2021,8.637408
9/7/2021,8.635449
9/8/2021,8.65866
9/9/2021,8.654818
9/10/2021,8.652694
9/11/2021,8.940038
9/12/2021,8.940038
9/13/2021,8.9475
9/14/2021,8.9495
9/15/2021,8.945
9/16/2021,8.9725
9/17/2021,8.986
9/18/2021,8.988
9/19/2021,8.988
9/20/2021,8.991
9/21/2021,8.987
9/22/2021,9.0035
9/23/2021,8.994
9/24/2021,8.99
9/25/2021,8.99
9/26/2021,8.99
9/27/2021,8.999
9/28/2021,9.011
9/29/2021,9.011
9/30/2021,9.063
10/1/2021,9.063
10/2/2021,9.0655
10/3/2021,9.056413
10/4/2021,9.03
10/5/2021,9.055
10/6/2021,8.774652
10/7/2021,9.072
10/8/2021,9.0675
10/9/2021,8.770712
10/10/2021,9.064593
10/11/2021,8.774648
10/12/2021,9.0825
10/13/2021,9.0685
10/14/2021,9.055
10/15/2021,9.056
10/16/2021,9.056
10/17/2021,9.056
10/18/2021,9.047
10/19/2021,9.037
10/20/2021,9.0265
10/21/2021,9.0475
10/22/2021,9.0575
10/23/2021,9.034593
10/24/2021,9.034593
10/25/2021,9.068
10/26/2021,9.0755
10/27/2021,9.0755
10/28/2021,9.0285
10/29/2021,9.0285
10/30/2021,9.0285
10/31/2021,9.0285
11/1/2021,9.075
11/2/2021,9.0765
11/3/2021,9.0805
11/4/2021,9.091
11/5/2021,9.0845
11/6/2021,9.0845
11/7/2021,9.0845
11/8/2021,9.0665
11/9/2021,9.0555
11/10/2021,9.0555
11/11/2021,9.119227
11/12/2021,9.13
11/13/2021,9.13
11/14/2021,9.13
11/15/2021,9.1425
11/16/2021,9.1925
11/17/2021,9.1975
11/18/2021,9.1995
11/19/2021,9.207011
11/20/2021,9.207011
11/21/2021,9.207011
11/22/2021,9.24
11/23/2021,9.22875
11/24/2021,9.2675
11/25/2021,9.261985
11/26/2021,9.2395
11/27/2021,9.2395
11/28/2021,9.2395
11/29/2021,9.2685
11/30/2021,9.2695
12/1/2021,9.2275
12/2/2021,9.2065
12/3/2021,9.2275
12/4/2021,9.225011
12/5/2021,9.225011
12/6/2021,9.214
12/7/2021,9.2425
12/8/2021,9.155
12/9/2021,9.258489
12/10/2021,9.2625
12/11/2021,9.226513
12/12/2021,9.226513
12/13/2021,9.2475
12/14/2021,9.275
12/15/2021,9.2675
12/16/2021,9.252
12/17/2021,9.29
12/18/2021,9.325801
12/19/2021,9.325801
12/20/2021,9.2755
12/21/2021,9.2755
12/22/2021,9.257
12/23/2021,9.256
12/24/2021,9.26
12/25/2021,9.26
12/26/2021,9.26
12/27/2021,9.2795
12/28/2021,9.28
12/29/2021,9.242
12/30/2021,9.25
12/31/2021,9.28
1/1/2022,9.28
1/2/2022,9.28
1/3/2022,9.2725
1/4/2022,9.2775
1/5/2022,9.2525
1/6/2022,9.2825
1/7/2022,9.26
1/8/2022,9.23901
1/9/2022,9.23901
1/10/2022,9.275
1/11/2022,9.255
1/12/2022,9.2325
1/13/2022,9.2075
1/14/2022,9.23
1/15/2022,9.23
1/16/2022,9.23
1/17/2022,9.231254
1/18/2022,9.28
1/19/2022,9.277
1/20/2022,9.2925
1/21/2022,9.2775
1/22/2022,9.2775
1/23/2022,9.2775
1/24/2022,9.2905
1/25/2022,9.3135
1/26/2022,9.3265
1/27/2022,9.41
1/28/2022,9.43
1/29/2022,9.43
1/30/2022,9.414139
1/31/2022,9.436
2/1/2022,9.41375
2/2/2022,9.3475
2/3/2022,9.2825
2/4/2022,9.3035
2/5/2022,9.3035
2/6/2022,9.3035
2/7/2022,9.3185
2/8/2022,9.330889
2/9/2022,9.3155
2/10/2022,9.306
2/11/2022,9.3425
2/12/2022,9.375732
2/13/2022,9.375732
2/14/2022,9.3885
2/15/2022,9.3725
2/16/2022,9.3645
2/17/2022,9.3885
2/18/2022,9.4495
2/19/2022,9.4495
2/20/2022,9.4495
2/21/2022,9.440418
2/22/2022,9.427
2/23/2022,9.4345
2/24/2022,9.4755
2/25/2022,9.5
2/26/2022,9.447551
2/27/2022,9.447551
2/28/2022,9.5465
